,Year,month,Anomoly_Celcius,Date,Month_Number,color_scale
0,1880,Jan,-0.19,1880-01-01,1,0
1,1880,Feb,-0.25,1880-02-01,2,0
2,1880,Mar,-0.09,1880-03-01,3,0
3,1880,Apr,-0.16,1880-04-01,4,0
4,1880,May,-0.1,1880-05-01,5,0
5,1880,Jun,-0.21,1880-06-01,6,0
6,1880,Jul,-0.18,1880-07-01,7,0
7,1880,Aug,-0.1,1880-08-01,8,0
8,1880,Sep,-0.14,1880-09-01,9,0
9,1880,Oct,-0.23,1880-10-01,10,0
10,1880,Nov,-0.21,1880-11-01,11,0
11,1880,Dec,-0.18,1880-12-01,12,0
12,1881,Jan,-0.2,1881-01-01,1,1
13,1881,Feb,-0.14,1881-02-01,2,1
14,1881,Mar,0.03,1881-03-01,3,1
15,1881,Apr,0.05,1881-04-01,4,1
16,1881,May,0.06,1881-05-01,5,1
17,1881,Jun,-0.19,1881-06-01,6,1
18,1881,Jul,0.0,1881-07-01,7,1
19,1881,Aug,-0.04,1881-08-01,8,1
20,1881,Sep,-0.16,1881-09-01,9,1
21,1881,Oct,-0.22,1881-10-01,10,1
22,1881,Nov,-0.19,1881-11-01,11,1
23,1881,Dec,-0.07,1881-12-01,12,1
24,1882,Jan,0.16,1882-01-01,1,2
25,1882,Feb,0.14,1882-02-01,2,2
26,1882,Mar,0.04,1882-03-01,3,2
27,1882,Apr,-0.17,1882-04-01,4,2
28,1882,May,-0.15,1882-05-01,5,2
29,1882,Jun,-0.23,1882-06-01,6,2
30,1882,Jul,-0.16,1882-07-01,7,2
31,1882,Aug,-0.07,1882-08-01,8,2
32,1882,Sep,-0.14,1882-09-01,9,2
33,1882,Oct,-0.24,1882-10-01,10,2
34,1882,Nov,-0.17,1882-11-01,11,2
35,1882,Dec,-0.36,1882-12-01,12,2
36,1883,Jan,-0.29,1883-01-01,1,3
37,1883,Feb,-0.36,1883-02-01,2,3
38,1883,Mar,-0.13,1883-03-01,3,3
39,1883,Apr,-0.18,1883-04-01,4,3
40,1883,May,-0.18,1883-05-01,5,3
41,1883,Jun,-0.07,1883-06-01,6,3
42,1883,Jul,-0.08,1883-07-01,7,3
43,1883,Aug,-0.15,1883-08-01,8,3
44,1883,Sep,-0.22,1883-09-01,9,3
45,1883,Oct,-0.12,1883-10-01,10,3
46,1883,Nov,-0.24,1883-11-01,11,3
47,1883,Dec,-0.12,1883-12-01,12,3
48,1884,Jan,-0.13,1884-01-01,1,4
49,1884,Feb,-0.09,1884-02-01,2,4
50,1884,Mar,-0.37,1884-03-01,3,4
51,1884,Apr,-0.4,1884-04-01,4,4
52,1884,May,-0.34,1884-05-01,5,4
53,1884,Jun,-0.35,1884-06-01,6,4
54,1884,Jul,-0.31,1884-07-01,7,4
55,1884,Aug,-0.29,1884-08-01,8,4
56,1884,Sep,-0.27,1884-09-01,9,4
57,1884,Oct,-0.25,1884-10-01,10,4
58,1884,Nov,-0.34,1884-11-01,11,4
59,1884,Dec,-0.31,1884-12-01,12,4
60,1885,Jan,-0.58,1885-01-01,1,5
61,1885,Feb,-0.34,1885-02-01,2,5
62,1885,Mar,-0.27,1885-03-01,3,5
63,1885,Apr,-0.42,1885-04-01,4,5
64,1885,May,-0.45,1885-05-01,5,5
65,1885,Jun,-0.44,1885-06-01,6,5
66,1885,Jul,-0.34,1885-07-01,7,5
67,1885,Aug,-0.32,1885-08-01,8,5
68,1885,Sep,-0.28,1885-09-01,9,5
69,1885,Oct,-0.24,1885-10-01,10,5
70,1885,Nov,-0.25,1885-11-01,11,5
71,1885,Dec,-0.11,1885-12-01,12,5
72,1886,Jan,-0.44,1886-01-01,1,6
73,1886,Feb,-0.51,1886-02-01,2,6
74,1886,Mar,-0.43,1886-03-01,3,6
75,1886,Apr,-0.28,1886-04-01,4,6
76,1886,May,-0.25,1886-05-01,5,6
77,1886,Jun,-0.35,1886-06-01,6,6
78,1886,Jul,-0.18,1886-07-01,7,6
79,1886,Aug,-0.31,1886-08-01,8,6
80,1886,Sep,-0.24,1886-09-01,9,6
81,1886,Oct,-0.28,1886-10-01,10,6
82,1886,Nov,-0.28,1886-11-01,11,6
83,1886,Dec,-0.26,1886-12-01,12,6
84,1887,Jan,-0.72,1887-01-01,1,7
85,1887,Feb,-0.57,1887-02-01,2,7
86,1887,Mar,-0.36,1887-03-01,3,7
87,1887,Apr,-0.35,1887-04-01,4,7
88,1887,May,-0.31,1887-05-01,5,7
89,1887,Jun,-0.25,1887-06-01,6,7
90,1887,Jul,-0.26,1887-07-01,7,7
91,1887,Aug,-0.36,1887-08-01,8,7
92,1887,Sep,-0.26,1887-09-01,9,7
93,1887,Oct,-0.36,1887-10-01,10,7
94,1887,Nov,-0.27,1887-11-01,11,7
95,1887,Dec,-0.33,1887-12-01,12,7
96,1888,Jan,-0.34,1888-01-01,1,8
97,1888,Feb,-0.36,1888-02-01,2,8
98,1888,Mar,-0.41,1888-03-01,3,8
99,1888,Apr,-0.2,1888-04-01,4,8
100,1888,May,-0.22,1888-05-01,5,8
101,1888,Jun,-0.17,1888-06-01,6,8
102,1888,Jul,-0.1,1888-07-01,7,8
103,1888,Aug,-0.16,1888-08-01,8,8
104,1888,Sep,-0.12,1888-09-01,9,8
105,1888,Oct,0.01,1888-10-01,10,8
106,1888,Nov,0.03,1888-11-01,11,8
107,1888,Dec,-0.04,1888-12-01,12,8
108,1889,Jan,-0.09,1889-01-01,1,9
109,1889,Feb,0.16,1889-02-01,2,9
110,1889,Mar,0.06,1889-03-01,3,9
111,1889,Apr,0.09,1889-04-01,4,9
112,1889,May,-0.01,1889-05-01,5,9
113,1889,Jun,-0.1,1889-06-01,6,9
114,1889,Jul,-0.08,1889-07-01,7,9
115,1889,Aug,-0.21,1889-08-01,8,9
116,1889,Sep,-0.24,1889-09-01,9,9
117,1889,Oct,-0.26,1889-10-01,10,9
118,1889,Nov,-0.34,1889-11-01,11,9
119,1889,Dec,-0.29,1889-12-01,12,9
120,1890,Jan,-0.42,1890-01-01,1,10
121,1890,Feb,-0.45,1890-02-01,2,10
122,1890,Mar,-0.4,1890-03-01,3,10
123,1890,Apr,-0.3,1890-04-01,4,10
124,1890,May,-0.4,1890-05-01,5,10
125,1890,Jun,-0.25,1890-06-01,6,10
126,1890,Jul,-0.28,1890-07-01,7,10
127,1890,Aug,-0.4,1890-08-01,8,10
128,1890,Sep,-0.37,1890-09-01,9,10
129,1890,Oct,-0.25,1890-10-01,10,10
130,1890,Nov,-0.44,1890-11-01,11,10
131,1890,Dec,-0.32,1890-12-01,12,10
132,1891,Jan,-0.34,1891-01-01,1,11
133,1891,Feb,-0.47,1891-02-01,2,11
134,1891,Mar,-0.18,1891-03-01,3,11
135,1891,Apr,-0.27,1891-04-01,4,11
136,1891,May,-0.17,1891-05-01,5,11
137,1891,Jun,-0.21,1891-06-01,6,11
138,1891,Jul,-0.18,1891-07-01,7,11
139,1891,Aug,-0.18,1891-08-01,8,11
140,1891,Sep,-0.16,1891-09-01,9,11
141,1891,Oct,-0.22,1891-10-01,10,11
142,1891,Nov,-0.32,1891-11-01,11,11
143,1891,Dec,-0.05,1891-12-01,12,11
144,1892,Jan,-0.3,1892-01-01,1,12
145,1892,Feb,-0.11,1892-02-01,2,12
146,1892,Mar,-0.4,1892-03-01,3,12
147,1892,Apr,-0.33,1892-04-01,4,12
148,1892,May,-0.24,1892-05-01,5,12
149,1892,Jun,-0.22,1892-06-01,6,12
150,1892,Jul,-0.32,1892-07-01,7,12
151,1892,Aug,-0.27,1892-08-01,8,12
152,1892,Sep,-0.17,1892-09-01,9,12
153,1892,Oct,-0.14,1892-10-01,10,12
154,1892,Nov,-0.42,1892-11-01,11,12
155,1892,Dec,-0.39,1892-12-01,12,12
156,1893,Jan,-0.8,1893-01-01,1,13
157,1893,Feb,-0.56,1893-02-01,2,13
158,1893,Mar,-0.22,1893-03-01,3,13
159,1893,Apr,-0.27,1893-04-01,4,13
160,1893,May,-0.34,1893-05-01,5,13
161,1893,Jun,-0.25,1893-06-01,6,13
162,1893,Jul,-0.14,1893-07-01,7,13
163,1893,Aug,-0.25,1893-08-01,8,13
164,1893,Sep,-0.22,1893-09-01,9,13
165,1893,Oct,-0.18,1893-10-01,10,13
166,1893,Nov,-0.18,1893-11-01,11,13
167,1893,Dec,-0.31,1893-12-01,12,13
168,1894,Jan,-0.52,1894-01-01,1,14
169,1894,Feb,-0.29,1894-02-01,2,14
170,1894,Mar,-0.23,1894-03-01,3,14
171,1894,Apr,-0.44,1894-04-01,4,14
172,1894,May,-0.31,1894-05-01,5,14
173,1894,Jun,-0.4,1894-06-01,6,14
174,1894,Jul,-0.24,1894-07-01,7,14
175,1894,Aug,-0.24,1894-08-01,8,14
176,1894,Sep,-0.28,1894-09-01,9,14
177,1894,Oct,-0.22,1894-10-01,10,14
178,1894,Nov,-0.25,1894-11-01,11,14
179,1894,Dec,-0.2,1894-12-01,12,14
180,1895,Jan,-0.4,1895-01-01,1,15
181,1895,Feb,-0.42,1895-02-01,2,15
182,1895,Mar,-0.32,1895-03-01,3,15
183,1895,Apr,-0.22,1895-04-01,4,15
184,1895,May,-0.27,1895-05-01,5,15
185,1895,Jun,-0.21,1895-06-01,6,15
186,1895,Jul,-0.16,1895-07-01,7,15
187,1895,Aug,-0.17,1895-08-01,8,15
188,1895,Sep,-0.12,1895-09-01,9,15
189,1895,Oct,-0.1,1895-10-01,10,15
190,1895,Nov,-0.16,1895-11-01,11,15
191,1895,Dec,-0.13,1895-12-01,12,15
192,1896,Jan,-0.22,1896-01-01,1,16
193,1896,Feb,-0.12,1896-02-01,2,16
194,1896,Mar,-0.26,1896-03-01,3,16
195,1896,Apr,-0.3,1896-04-01,4,16
196,1896,May,-0.16,1896-05-01,5,16
197,1896,Jun,-0.11,1896-06-01,6,16
198,1896,Jul,-0.02,1896-07-01,7,16
199,1896,Aug,-0.05,1896-08-01,8,16
200,1896,Sep,-0.07,1896-09-01,9,16
201,1896,Oct,0.06,1896-10-01,10,16
202,1896,Nov,-0.04,1896-11-01,11,16
203,1896,Dec,-0.04,1896-12-01,12,16
204,1897,Jan,-0.15,1897-01-01,1,17
205,1897,Feb,-0.16,1897-02-01,2,17
206,1897,Mar,-0.13,1897-03-01,3,17
207,1897,Apr,-0.02,1897-04-01,4,17
208,1897,May,-0.01,1897-05-01,5,17
209,1897,Jun,-0.11,1897-06-01,6,17
210,1897,Jul,-0.02,1897-07-01,7,17
211,1897,Aug,-0.09,1897-08-01,8,17
212,1897,Sep,-0.08,1897-09-01,9,17
213,1897,Oct,-0.13,1897-10-01,10,17
214,1897,Nov,-0.17,1897-11-01,11,17
215,1897,Dec,-0.2,1897-12-01,12,17
216,1898,Jan,-0.02,1898-01-01,1,18
217,1898,Feb,-0.3,1898-02-01,2,18
218,1898,Mar,-0.51,1898-03-01,3,18
219,1898,Apr,-0.31,1898-04-01,4,18
220,1898,May,-0.3,1898-05-01,5,18
221,1898,Jun,-0.19,1898-06-01,6,18
222,1898,Jul,-0.22,1898-07-01,7,18
223,1898,Aug,-0.27,1898-08-01,8,18
224,1898,Sep,-0.21,1898-09-01,9,18
225,1898,Oct,-0.34,1898-10-01,10,18
226,1898,Nov,-0.38,1898-11-01,11,18
227,1898,Dec,-0.23,1898-12-01,12,18
228,1899,Jan,-0.16,1899-01-01,1,19
229,1899,Feb,-0.38,1899-02-01,2,19
230,1899,Mar,-0.35,1899-03-01,3,19
231,1899,Apr,-0.2,1899-04-01,4,19
232,1899,May,-0.22,1899-05-01,5,19
233,1899,Jun,-0.31,1899-06-01,6,19
234,1899,Jul,-0.16,1899-07-01,7,19
235,1899,Aug,-0.09,1899-08-01,8,19
236,1899,Sep,-0.05,1899-09-01,9,19
237,1899,Oct,-0.04,1899-10-01,10,19
238,1899,Nov,0.13,1899-11-01,11,19
239,1899,Dec,-0.26,1899-12-01,12,19
240,1900,Jan,-0.36,1900-01-01,1,20
241,1900,Feb,-0.05,1900-02-01,2,20
242,1900,Mar,0.01,1900-03-01,3,20
243,1900,Apr,-0.08,1900-04-01,4,20
244,1900,May,-0.09,1900-05-01,5,20
245,1900,Jun,-0.1,1900-06-01,6,20
246,1900,Jul,-0.13,1900-07-01,7,20
247,1900,Aug,-0.09,1900-08-01,8,20
248,1900,Sep,-0.05,1900-09-01,9,20
249,1900,Oct,0.1,1900-10-01,10,20
250,1900,Nov,-0.06,1900-11-01,11,20
251,1900,Dec,-0.07,1900-12-01,12,20
252,1901,Jan,-0.21,1901-01-01,1,21
253,1901,Feb,-0.11,1901-02-01,2,21
254,1901,Mar,0.06,1901-03-01,3,21
255,1901,Apr,-0.02,1901-04-01,4,21
256,1901,May,-0.15,1901-05-01,5,21
257,1901,Jun,-0.11,1901-06-01,6,21
258,1901,Jul,-0.14,1901-07-01,7,21
259,1901,Aug,-0.2,1901-08-01,8,21
260,1901,Sep,-0.22,1901-09-01,9,21
261,1901,Oct,-0.28,1901-10-01,10,21
262,1901,Nov,-0.16,1901-11-01,11,21
263,1901,Dec,-0.26,1901-12-01,12,21
264,1902,Jan,-0.15,1902-01-01,1,22
265,1902,Feb,-0.08,1902-02-01,2,22
266,1902,Mar,-0.26,1902-03-01,3,22
267,1902,Apr,-0.27,1902-04-01,4,22
268,1902,May,-0.32,1902-05-01,5,22
269,1902,Jun,-0.31,1902-06-01,6,22
270,1902,Jul,-0.27,1902-07-01,7,22
271,1902,Aug,-0.3,1902-08-01,8,22
272,1902,Sep,-0.28,1902-09-01,9,22
273,1902,Oct,-0.29,1902-10-01,10,22
274,1902,Nov,-0.36,1902-11-01,11,22
275,1902,Dec,-0.42,1902-12-01,12,22
276,1903,Jan,-0.23,1903-01-01,1,23
277,1903,Feb,-0.05,1903-02-01,2,23
278,1903,Mar,-0.23,1903-03-01,3,23
279,1903,Apr,-0.4,1903-04-01,4,23
280,1903,May,-0.39,1903-05-01,5,23
281,1903,Jun,-0.42,1903-06-01,6,23
282,1903,Jul,-0.34,1903-07-01,7,23
283,1903,Aug,-0.45,1903-08-01,8,23
284,1903,Sep,-0.49,1903-09-01,9,23
285,1903,Oct,-0.46,1903-10-01,10,23
286,1903,Nov,-0.41,1903-11-01,11,23
287,1903,Dec,-0.5,1903-12-01,12,23
288,1904,Jan,-0.62,1904-01-01,1,24
289,1904,Feb,-0.58,1904-02-01,2,24
290,1904,Mar,-0.5,1904-03-01,3,24
291,1904,Apr,-0.5,1904-04-01,4,24
292,1904,May,-0.51,1904-05-01,5,24
293,1904,Jun,-0.48,1904-06-01,6,24
294,1904,Jul,-0.5,1904-07-01,7,24
295,1904,Aug,-0.49,1904-08-01,8,24
296,1904,Sep,-0.55,1904-09-01,9,24
297,1904,Oct,-0.38,1904-10-01,10,24
298,1904,Nov,-0.17,1904-11-01,11,24
299,1904,Dec,-0.33,1904-12-01,12,24
300,1905,Jan,-0.34,1905-01-01,1,25
301,1905,Feb,-0.58,1905-02-01,2,25
302,1905,Mar,-0.21,1905-03-01,3,25
303,1905,Apr,-0.33,1905-04-01,4,25
304,1905,May,-0.29,1905-05-01,5,25
305,1905,Jun,-0.28,1905-06-01,6,25
306,1905,Jul,-0.26,1905-07-01,7,25
307,1905,Aug,-0.2,1905-08-01,8,25
308,1905,Sep,-0.18,1905-09-01,9,25
309,1905,Oct,-0.24,1905-10-01,10,25
310,1905,Nov,-0.06,1905-11-01,11,25
311,1905,Dec,-0.12,1905-12-01,12,25
312,1906,Jan,-0.28,1906-01-01,1,26
313,1906,Feb,-0.29,1906-02-01,2,26
314,1906,Mar,-0.18,1906-03-01,3,26
315,1906,Apr,-0.04,1906-04-01,4,26
316,1906,May,-0.26,1906-05-01,5,26
317,1906,Jun,-0.19,1906-06-01,6,26
318,1906,Jul,-0.22,1906-07-01,7,26
319,1906,Aug,-0.19,1906-08-01,8,26
320,1906,Sep,-0.28,1906-09-01,9,26
321,1906,Oct,-0.19,1906-10-01,10,26
322,1906,Nov,-0.37,1906-11-01,11,26
323,1906,Dec,-0.14,1906-12-01,12,26
324,1907,Jan,-0.42,1907-01-01,1,27
325,1907,Feb,-0.5,1907-02-01,2,27
326,1907,Mar,-0.27,1907-03-01,3,27
327,1907,Apr,-0.36,1907-04-01,4,27
328,1907,May,-0.46,1907-05-01,5,27
329,1907,Jun,-0.41,1907-06-01,6,27
330,1907,Jul,-0.34,1907-07-01,7,27
331,1907,Aug,-0.34,1907-08-01,8,27
332,1907,Sep,-0.34,1907-09-01,9,27
333,1907,Oct,-0.22,1907-10-01,10,27
334,1907,Nov,-0.45,1907-11-01,11,27
335,1907,Dec,-0.46,1907-12-01,12,27
336,1908,Jan,-0.44,1908-01-01,1,28
337,1908,Feb,-0.32,1908-02-01,2,28
338,1908,Mar,-0.55,1908-03-01,3,28
339,1908,Apr,-0.43,1908-04-01,4,28
340,1908,May,-0.37,1908-05-01,5,28
341,1908,Jun,-0.38,1908-06-01,6,28
342,1908,Jul,-0.35,1908-07-01,7,28
343,1908,Aug,-0.46,1908-08-01,8,28
344,1908,Sep,-0.35,1908-09-01,9,28
345,1908,Oct,-0.44,1908-10-01,10,28
346,1908,Nov,-0.52,1908-11-01,11,28
347,1908,Dec,-0.49,1908-12-01,12,28
348,1909,Jan,-0.72,1909-01-01,1,29
349,1909,Feb,-0.45,1909-02-01,2,29
350,1909,Mar,-0.54,1909-03-01,3,29
351,1909,Apr,-0.58,1909-04-01,4,29
352,1909,May,-0.54,1909-05-01,5,29
353,1909,Jun,-0.52,1909-06-01,6,29
354,1909,Jul,-0.45,1909-07-01,7,29
355,1909,Aug,-0.33,1909-08-01,8,29
356,1909,Sep,-0.38,1909-09-01,9,29
357,1909,Oct,-0.39,1909-10-01,10,29
358,1909,Nov,-0.31,1909-11-01,11,29
359,1909,Dec,-0.56,1909-12-01,12,29
360,1910,Jan,-0.42,1910-01-01,1,30
361,1910,Feb,-0.4,1910-02-01,2,30
362,1910,Mar,-0.5,1910-03-01,3,30
363,1910,Apr,-0.42,1910-04-01,4,30
364,1910,May,-0.34,1910-05-01,5,30
365,1910,Jun,-0.38,1910-06-01,6,30
366,1910,Jul,-0.34,1910-07-01,7,30
367,1910,Aug,-0.37,1910-08-01,8,30
368,1910,Sep,-0.38,1910-09-01,9,30
369,1910,Oct,-0.41,1910-10-01,10,30
370,1910,Nov,-0.57,1910-11-01,11,30
371,1910,Dec,-0.67,1910-12-01,12,30
372,1911,Jan,-0.62,1911-01-01,1,31
373,1911,Feb,-0.57,1911-02-01,2,31
374,1911,Mar,-0.6,1911-03-01,3,31
375,1911,Apr,-0.53,1911-04-01,4,31
376,1911,May,-0.51,1911-05-01,5,31
377,1911,Jun,-0.5,1911-06-01,6,31
378,1911,Jul,-0.42,1911-07-01,7,31
379,1911,Aug,-0.44,1911-08-01,8,31
380,1911,Sep,-0.4,1911-09-01,9,31
381,1911,Oct,-0.26,1911-10-01,10,31
382,1911,Nov,-0.21,1911-11-01,11,31
383,1911,Dec,-0.21,1911-12-01,12,31
384,1912,Jan,-0.26,1912-01-01,1,32
385,1912,Feb,-0.15,1912-02-01,2,32
386,1912,Mar,-0.39,1912-03-01,3,32
387,1912,Apr,-0.18,1912-04-01,4,32
388,1912,May,-0.21,1912-05-01,5,32
389,1912,Jun,-0.24,1912-06-01,6,32
390,1912,Jul,-0.42,1912-07-01,7,32
391,1912,Aug,-0.54,1912-08-01,8,32
392,1912,Sep,-0.57,1912-09-01,9,32
393,1912,Oct,-0.57,1912-10-01,10,32
394,1912,Nov,-0.39,1912-11-01,11,32
395,1912,Dec,-0.43,1912-12-01,12,32
396,1913,Jan,-0.4,1913-01-01,1,33
397,1913,Feb,-0.44,1913-02-01,2,33
398,1913,Mar,-0.42,1913-03-01,3,33
399,1913,Apr,-0.39,1913-04-01,4,33
400,1913,May,-0.43,1913-05-01,5,33
401,1913,Jun,-0.45,1913-06-01,6,33
402,1913,Jul,-0.36,1913-07-01,7,33
403,1913,Aug,-0.33,1913-08-01,8,33
404,1913,Sep,-0.34,1913-09-01,9,33
405,1913,Oct,-0.32,1913-10-01,10,33
406,1913,Nov,-0.19,1913-11-01,11,33
407,1913,Dec,-0.02,1913-12-01,12,33
408,1914,Jan,0.05,1914-01-01,1,34
409,1914,Feb,-0.09,1914-02-01,2,34
410,1914,Mar,-0.23,1914-03-01,3,34
411,1914,Apr,-0.29,1914-04-01,4,34
412,1914,May,-0.21,1914-05-01,5,34
413,1914,Jun,-0.25,1914-06-01,6,34
414,1914,Jul,-0.23,1914-07-01,7,34
415,1914,Aug,-0.15,1914-08-01,8,34
416,1914,Sep,-0.16,1914-09-01,9,34
417,1914,Oct,-0.03,1914-10-01,10,34
418,1914,Nov,-0.15,1914-11-01,11,34
419,1914,Dec,-0.04,1914-12-01,12,34
420,1915,Jan,-0.2,1915-01-01,1,35
421,1915,Feb,-0.03,1915-02-01,2,35
422,1915,Mar,-0.09,1915-03-01,3,35
423,1915,Apr,0.07,1915-04-01,4,35
424,1915,May,-0.06,1915-05-01,5,35
425,1915,Jun,-0.21,1915-06-01,6,35
426,1915,Jul,-0.12,1915-07-01,7,35
427,1915,Aug,-0.22,1915-08-01,8,35
428,1915,Sep,-0.2,1915-09-01,9,35
429,1915,Oct,-0.24,1915-10-01,10,35
430,1915,Nov,-0.13,1915-11-01,11,35
431,1915,Dec,-0.2,1915-12-01,12,35
432,1916,Jan,-0.12,1916-01-01,1,36
433,1916,Feb,-0.14,1916-02-01,2,36
434,1916,Mar,-0.28,1916-03-01,3,36
435,1916,Apr,-0.3,1916-04-01,4,36
436,1916,May,-0.35,1916-05-01,5,36
437,1916,Jun,-0.49,1916-06-01,6,36
438,1916,Jul,-0.37,1916-07-01,7,36
439,1916,Aug,-0.28,1916-08-01,8,36
440,1916,Sep,-0.35,1916-09-01,9,36
441,1916,Oct,-0.33,1916-10-01,10,36
442,1916,Nov,-0.46,1916-11-01,11,36
443,1916,Dec,-0.8,1916-12-01,12,36
444,1917,Jan,-0.56,1917-01-01,1,37
445,1917,Feb,-0.62,1917-02-01,2,37
446,1917,Mar,-0.63,1917-03-01,3,37
447,1917,Apr,-0.54,1917-04-01,4,37
448,1917,May,-0.55,1917-05-01,5,37
449,1917,Jun,-0.43,1917-06-01,6,37
450,1917,Jul,-0.25,1917-07-01,7,37
451,1917,Aug,-0.22,1917-08-01,8,37
452,1917,Sep,-0.22,1917-09-01,9,37
453,1917,Oct,-0.44,1917-10-01,10,37
454,1917,Nov,-0.33,1917-11-01,11,37
455,1917,Dec,-0.67,1917-12-01,12,37
456,1918,Jan,-0.47,1918-01-01,1,38
457,1918,Feb,-0.34,1918-02-01,2,38
458,1918,Mar,-0.24,1918-03-01,3,38
459,1918,Apr,-0.43,1918-04-01,4,38
460,1918,May,-0.42,1918-05-01,5,38
461,1918,Jun,-0.36,1918-06-01,6,38
462,1918,Jul,-0.31,1918-07-01,7,38
463,1918,Aug,-0.31,1918-08-01,8,38
464,1918,Sep,-0.17,1918-09-01,9,38
465,1918,Oct,-0.06,1918-10-01,10,38
466,1918,Nov,-0.11,1918-11-01,11,38
467,1918,Dec,-0.29,1918-12-01,12,38
468,1919,Jan,-0.2,1919-01-01,1,39
469,1919,Feb,-0.22,1919-02-01,2,39
470,1919,Mar,-0.2,1919-03-01,3,39
471,1919,Apr,-0.12,1919-04-01,4,39
472,1919,May,-0.28,1919-05-01,5,39
473,1919,Jun,-0.36,1919-06-01,6,39
474,1919,Jul,-0.29,1919-07-01,7,39
475,1919,Aug,-0.33,1919-08-01,8,39
476,1919,Sep,-0.25,1919-09-01,9,39
477,1919,Oct,-0.2,1919-10-01,10,39
478,1919,Nov,-0.41,1919-11-01,11,39
479,1919,Dec,-0.42,1919-12-01,12,39
480,1920,Jan,-0.24,1920-01-01,1,40
481,1920,Feb,-0.26,1920-02-01,2,40
482,1920,Mar,-0.12,1920-03-01,3,40
483,1920,Apr,-0.24,1920-04-01,4,40
484,1920,May,-0.27,1920-05-01,5,40
485,1920,Jun,-0.35,1920-06-01,6,40
486,1920,Jul,-0.3,1920-07-01,7,40
487,1920,Aug,-0.26,1920-08-01,8,40
488,1920,Sep,-0.21,1920-09-01,9,40
489,1920,Oct,-0.26,1920-10-01,10,40
490,1920,Nov,-0.26,1920-11-01,11,40
491,1920,Dec,-0.46,1920-12-01,12,40
492,1921,Jan,-0.04,1921-01-01,1,41
493,1921,Feb,-0.17,1921-02-01,2,41
494,1921,Mar,-0.22,1921-03-01,3,41
495,1921,Apr,-0.29,1921-04-01,4,41
496,1921,May,-0.29,1921-05-01,5,41
497,1921,Jun,-0.26,1921-06-01,6,41
498,1921,Jul,-0.14,1921-07-01,7,41
499,1921,Aug,-0.26,1921-08-01,8,41
500,1921,Sep,-0.18,1921-09-01,9,41
501,1921,Oct,-0.02,1921-10-01,10,41
502,1921,Nov,-0.14,1921-11-01,11,41
503,1921,Dec,-0.17,1921-12-01,12,41
504,1922,Jan,-0.33,1922-01-01,1,42
505,1922,Feb,-0.44,1922-02-01,2,42
506,1922,Mar,-0.14,1922-03-01,3,42
507,1922,Apr,-0.23,1922-04-01,4,42
508,1922,May,-0.32,1922-05-01,5,42
509,1922,Jun,-0.3,1922-06-01,6,42
510,1922,Jul,-0.27,1922-07-01,7,42
511,1922,Aug,-0.32,1922-08-01,8,42
512,1922,Sep,-0.34,1922-09-01,9,42
513,1922,Oct,-0.31,1922-10-01,10,42
514,1922,Nov,-0.14,1922-11-01,11,42
515,1922,Dec,-0.19,1922-12-01,12,42
516,1923,Jan,-0.26,1923-01-01,1,43
517,1923,Feb,-0.39,1923-02-01,2,43
518,1923,Mar,-0.33,1923-03-01,3,43
519,1923,Apr,-0.4,1923-04-01,4,43
520,1923,May,-0.33,1923-05-01,5,43
521,1923,Jun,-0.29,1923-06-01,6,43
522,1923,Jul,-0.31,1923-07-01,7,43
523,1923,Aug,-0.33,1923-08-01,8,43
524,1923,Sep,-0.3,1923-09-01,9,43
525,1923,Oct,-0.13,1923-10-01,10,43
526,1923,Nov,-0.02,1923-11-01,11,43
527,1923,Dec,-0.03,1923-12-01,12,43
528,1924,Jan,-0.22,1924-01-01,1,44
529,1924,Feb,-0.23,1924-02-01,2,44
530,1924,Mar,-0.08,1924-03-01,3,44
531,1924,Apr,-0.3,1924-04-01,4,44
532,1924,May,-0.18,1924-05-01,5,44
533,1924,Jun,-0.26,1924-06-01,6,44
534,1924,Jul,-0.29,1924-07-01,7,44
535,1924,Aug,-0.36,1924-08-01,8,44
536,1924,Sep,-0.32,1924-09-01,9,44
537,1924,Oct,-0.35,1924-10-01,10,44
538,1924,Nov,-0.2,1924-11-01,11,44
539,1924,Dec,-0.43,1924-12-01,12,44
540,1925,Jan,-0.37,1925-01-01,1,45
541,1925,Feb,-0.38,1925-02-01,2,45
542,1925,Mar,-0.27,1925-03-01,3,45
543,1925,Apr,-0.25,1925-04-01,4,45
544,1925,May,-0.29,1925-05-01,5,45
545,1925,Jun,-0.32,1925-06-01,6,45
546,1925,Jul,-0.27,1925-07-01,7,45
547,1925,Aug,-0.2,1925-08-01,8,45
548,1925,Sep,-0.19,1925-09-01,9,45
549,1925,Oct,-0.17,1925-10-01,10,45
550,1925,Nov,0.06,1925-11-01,11,45
551,1925,Dec,0.07,1925-12-01,12,45
552,1926,Jan,0.21,1926-01-01,1,46
553,1926,Feb,0.03,1926-02-01,2,46
554,1926,Mar,0.12,1926-03-01,3,46
555,1926,Apr,-0.12,1926-04-01,4,46
556,1926,May,-0.23,1926-05-01,5,46
557,1926,Jun,-0.26,1926-06-01,6,46
558,1926,Jul,-0.27,1926-07-01,7,46
559,1926,Aug,-0.13,1926-08-01,8,46
560,1926,Sep,-0.14,1926-09-01,9,46
561,1926,Oct,-0.11,1926-10-01,10,46
562,1926,Nov,-0.06,1926-11-01,11,46
563,1926,Dec,-0.29,1926-12-01,12,46
564,1927,Jan,-0.26,1927-01-01,1,47
565,1927,Feb,-0.17,1927-02-01,2,47
566,1927,Mar,-0.38,1927-03-01,3,47
567,1927,Apr,-0.3,1927-04-01,4,47
568,1927,May,-0.25,1927-05-01,5,47
569,1927,Jun,-0.27,1927-06-01,6,47
570,1927,Jul,-0.19,1927-07-01,7,47
571,1927,Aug,-0.24,1927-08-01,8,47
572,1927,Sep,-0.12,1927-09-01,9,47
573,1927,Oct,0.0,1927-10-01,10,47
574,1927,Nov,-0.05,1927-11-01,11,47
575,1927,Dec,-0.33,1927-12-01,12,47
576,1928,Jan,-0.02,1928-01-01,1,48
577,1928,Feb,-0.09,1928-02-01,2,48
578,1928,Mar,-0.25,1928-03-01,3,48
579,1928,Apr,-0.28,1928-04-01,4,48
580,1928,May,-0.3,1928-05-01,5,48
581,1928,Jun,-0.39,1928-06-01,6,48
582,1928,Jul,-0.19,1928-07-01,7,48
583,1928,Aug,-0.23,1928-08-01,8,48
584,1928,Sep,-0.21,1928-09-01,9,48
585,1928,Oct,-0.19,1928-10-01,10,48
586,1928,Nov,-0.1,1928-11-01,11,48
587,1928,Dec,-0.16,1928-12-01,12,48
588,1929,Jan,-0.45,1929-01-01,1,49
589,1929,Feb,-0.58,1929-02-01,2,49
590,1929,Mar,-0.32,1929-03-01,3,49
591,1929,Apr,-0.41,1929-04-01,4,49
592,1929,May,-0.38,1929-05-01,5,49
593,1929,Jun,-0.43,1929-06-01,6,49
594,1929,Jul,-0.36,1929-07-01,7,49
595,1929,Aug,-0.33,1929-08-01,8,49
596,1929,Sep,-0.25,1929-09-01,9,49
597,1929,Oct,-0.14,1929-10-01,10,49
598,1929,Nov,-0.11,1929-11-01,11,49
599,1929,Dec,-0.54,1929-12-01,12,49
600,1930,Jan,-0.3,1930-01-01,1,50
601,1930,Feb,-0.26,1930-02-01,2,50
602,1930,Mar,-0.1,1930-03-01,3,50
603,1930,Apr,-0.24,1930-04-01,4,50
604,1930,May,-0.24,1930-05-01,5,50
605,1930,Jun,-0.22,1930-06-01,6,50
606,1930,Jul,-0.21,1930-07-01,7,50
607,1930,Aug,-0.15,1930-08-01,8,50
608,1930,Sep,-0.15,1930-09-01,9,50
609,1930,Oct,-0.12,1930-10-01,10,50
610,1930,Nov,0.18,1930-11-01,11,50
611,1930,Dec,-0.05,1930-12-01,12,50
612,1931,Jan,-0.1,1931-01-01,1,51
613,1931,Feb,-0.2,1931-02-01,2,51
614,1931,Mar,-0.1,1931-03-01,3,51
615,1931,Apr,-0.23,1931-04-01,4,51
616,1931,May,-0.2,1931-05-01,5,51
617,1931,Jun,-0.08,1931-06-01,6,51
618,1931,Jul,-0.03,1931-07-01,7,51
619,1931,Aug,-0.04,1931-08-01,8,51
620,1931,Sep,-0.06,1931-09-01,9,51
621,1931,Oct,0.06,1931-10-01,10,51
622,1931,Nov,-0.06,1931-11-01,11,51
623,1931,Dec,-0.05,1931-12-01,12,51
624,1932,Jan,0.16,1932-01-01,1,52
625,1932,Feb,-0.17,1932-02-01,2,52
626,1932,Mar,-0.18,1932-03-01,3,52
627,1932,Apr,-0.06,1932-04-01,4,52
628,1932,May,-0.17,1932-05-01,5,52
629,1932,Jun,-0.29,1932-06-01,6,52
630,1932,Jul,-0.24,1932-07-01,7,52
631,1932,Aug,-0.22,1932-08-01,8,52
632,1932,Sep,-0.1,1932-09-01,9,52
633,1932,Oct,-0.09,1932-10-01,10,52
634,1932,Nov,-0.27,1932-11-01,11,52
635,1932,Dec,-0.26,1932-12-01,12,52
636,1933,Jan,-0.23,1933-01-01,1,53
637,1933,Feb,-0.29,1933-02-01,2,53
638,1933,Mar,-0.29,1933-03-01,3,53
639,1933,Apr,-0.24,1933-04-01,4,53
640,1933,May,-0.29,1933-05-01,5,53
641,1933,Jun,-0.34,1933-06-01,6,53
642,1933,Jul,-0.21,1933-07-01,7,53
643,1933,Aug,-0.23,1933-08-01,8,53
644,1933,Sep,-0.29,1933-09-01,9,53
645,1933,Oct,-0.24,1933-10-01,10,53
646,1933,Nov,-0.3,1933-11-01,11,53
647,1933,Dec,-0.44,1933-12-01,12,53
648,1934,Jan,-0.2,1934-01-01,1,54
649,1934,Feb,-0.02,1934-02-01,2,54
650,1934,Mar,-0.29,1934-03-01,3,54
651,1934,Apr,-0.3,1934-04-01,4,54
652,1934,May,-0.09,1934-05-01,5,54
653,1934,Jun,-0.15,1934-06-01,6,54
654,1934,Jul,-0.1,1934-07-01,7,54
655,1934,Aug,-0.12,1934-08-01,8,54
656,1934,Sep,-0.15,1934-09-01,9,54
657,1934,Oct,-0.06,1934-10-01,10,54
658,1934,Nov,0.04,1934-11-01,11,54
659,1934,Dec,-0.02,1934-12-01,12,54
660,1935,Jan,-0.34,1935-01-01,1,55
661,1935,Feb,0.14,1935-02-01,2,55
662,1935,Mar,-0.14,1935-03-01,3,55
663,1935,Apr,-0.37,1935-04-01,4,55
664,1935,May,-0.28,1935-05-01,5,55
665,1935,Jun,-0.26,1935-06-01,6,55
666,1935,Jul,-0.21,1935-07-01,7,55
667,1935,Aug,-0.22,1935-08-01,8,55
668,1935,Sep,-0.21,1935-09-01,9,55
669,1935,Oct,-0.05,1935-10-01,10,55
670,1935,Nov,-0.25,1935-11-01,11,55
671,1935,Dec,-0.16,1935-12-01,12,55
672,1936,Jan,-0.27,1936-01-01,1,56
673,1936,Feb,-0.37,1936-02-01,2,56
674,1936,Mar,-0.2,1936-03-01,3,56
675,1936,Apr,-0.2,1936-04-01,4,56
676,1936,May,-0.16,1936-05-01,5,56
677,1936,Jun,-0.22,1936-06-01,6,56
678,1936,Jul,-0.09,1936-07-01,7,56
679,1936,Aug,-0.13,1936-08-01,8,56
680,1936,Sep,-0.09,1936-09-01,9,56
681,1936,Oct,-0.02,1936-10-01,10,56
682,1936,Nov,0.02,1936-11-01,11,56
683,1936,Dec,0.0,1936-12-01,12,56
684,1937,Jan,-0.06,1937-01-01,1,57
685,1937,Feb,0.03,1937-02-01,2,57
686,1937,Mar,-0.2,1937-03-01,3,57
687,1937,Apr,-0.15,1937-04-01,4,57
688,1937,May,-0.05,1937-05-01,5,57
689,1937,Jun,-0.05,1937-06-01,6,57
690,1937,Jul,-0.03,1937-07-01,7,57
691,1937,Aug,0.01,1937-08-01,8,57
692,1937,Sep,0.1,1937-09-01,9,57
693,1937,Oct,0.09,1937-10-01,10,57
694,1937,Nov,0.08,1937-11-01,11,57
695,1937,Dec,-0.07,1937-12-01,12,57
696,1938,Jan,0.09,1938-01-01,1,58
697,1938,Feb,0.04,1938-02-01,2,58
698,1938,Mar,0.1,1938-03-01,3,58
699,1938,Apr,0.07,1938-04-01,4,58
700,1938,May,-0.09,1938-05-01,5,58
701,1938,Jun,-0.17,1938-06-01,6,58
702,1938,Jul,-0.09,1938-07-01,7,58
703,1938,Aug,-0.05,1938-08-01,8,58
704,1938,Sep,0.01,1938-09-01,9,58
705,1938,Oct,0.15,1938-10-01,10,58
706,1938,Nov,0.08,1938-11-01,11,58
707,1938,Dec,-0.12,1938-12-01,12,58
708,1939,Jan,-0.04,1939-01-01,1,59
709,1939,Feb,-0.06,1939-02-01,2,59
710,1939,Mar,-0.17,1939-03-01,3,59
711,1939,Apr,-0.09,1939-04-01,4,59
712,1939,May,-0.04,1939-05-01,5,59
713,1939,Jun,-0.07,1939-06-01,6,59
714,1939,Jul,-0.05,1939-07-01,7,59
715,1939,Aug,-0.06,1939-08-01,8,59
716,1939,Sep,-0.07,1939-09-01,9,59
717,1939,Oct,-0.04,1939-10-01,10,59
718,1939,Nov,0.08,1939-11-01,11,59
719,1939,Dec,0.43,1939-12-01,12,59
720,1940,Jan,0.0,1940-01-01,1,60
721,1940,Feb,0.08,1940-02-01,2,60
722,1940,Mar,0.09,1940-03-01,3,60
723,1940,Apr,0.17,1940-04-01,4,60
724,1940,May,0.11,1940-05-01,5,60
725,1940,Jun,0.12,1940-06-01,6,60
726,1940,Jul,0.12,1940-07-01,7,60
727,1940,Aug,0.07,1940-08-01,8,60
728,1940,Sep,0.15,1940-09-01,9,60
729,1940,Oct,0.11,1940-10-01,10,60
730,1940,Nov,0.16,1940-11-01,11,60
731,1940,Dec,0.31,1940-12-01,12,60
732,1941,Jan,0.18,1941-01-01,1,61
733,1941,Feb,0.31,1941-02-01,2,61
734,1941,Mar,0.1,1941-03-01,3,61
735,1941,Apr,0.16,1941-04-01,4,61
736,1941,May,0.17,1941-05-01,5,61
737,1941,Jun,0.13,1941-06-01,6,61
738,1941,Jul,0.22,1941-07-01,7,61
739,1941,Aug,0.15,1941-08-01,8,61
740,1941,Sep,0.02,1941-09-01,9,61
741,1941,Oct,0.35,1941-10-01,10,61
742,1941,Nov,0.23,1941-11-01,11,61
743,1941,Dec,0.22,1941-12-01,12,61
744,1942,Jan,0.29,1942-01-01,1,62
745,1942,Feb,0.02,1942-02-01,2,62
746,1942,Mar,0.05,1942-03-01,3,62
747,1942,Apr,0.09,1942-04-01,4,62
748,1942,May,0.11,1942-05-01,5,62
749,1942,Jun,0.05,1942-06-01,6,62
750,1942,Jul,0.0,1942-07-01,7,62
751,1942,Aug,-0.04,1942-08-01,8,62
752,1942,Sep,-0.03,1942-09-01,9,62
753,1942,Oct,0.02,1942-10-01,10,62
754,1942,Nov,0.1,1942-11-01,11,62
755,1942,Dec,0.12,1942-12-01,12,62
756,1943,Jan,-0.01,1943-01-01,1,63
757,1943,Feb,0.17,1943-02-01,2,63
758,1943,Mar,-0.03,1943-03-01,3,63
759,1943,Apr,0.11,1943-04-01,4,63
760,1943,May,0.07,1943-05-01,5,63
761,1943,Jun,-0.05,1943-06-01,6,63
762,1943,Jul,0.09,1943-07-01,7,63
763,1943,Aug,0.0,1943-08-01,8,63
764,1943,Sep,0.05,1943-09-01,9,63
765,1943,Oct,0.23,1943-10-01,10,63
766,1943,Nov,0.2,1943-11-01,11,63
767,1943,Dec,0.23,1943-12-01,12,63
768,1944,Jan,0.36,1944-01-01,1,64
769,1944,Feb,0.24,1944-02-01,2,64
770,1944,Mar,0.26,1944-03-01,3,64
771,1944,Apr,0.2,1944-04-01,4,64
772,1944,May,0.19,1944-05-01,5,64
773,1944,Jun,0.15,1944-06-01,6,64
774,1944,Jul,0.18,1944-07-01,7,64
775,1944,Aug,0.18,1944-08-01,8,64
776,1944,Sep,0.28,1944-09-01,9,64
777,1944,Oct,0.26,1944-10-01,10,64
778,1944,Nov,0.11,1944-11-01,11,64
779,1944,Dec,0.04,1944-12-01,12,64
780,1945,Jan,0.1,1945-01-01,1,65
781,1945,Feb,0.01,1945-02-01,2,65
782,1945,Mar,0.06,1945-03-01,3,65
783,1945,Apr,0.2,1945-04-01,4,65
784,1945,May,0.06,1945-05-01,5,65
785,1945,Jun,0.01,1945-06-01,6,65
786,1945,Jul,0.04,1945-07-01,7,65
787,1945,Aug,0.26,1945-08-01,8,65
788,1945,Sep,0.21,1945-09-01,9,65
789,1945,Oct,0.19,1945-10-01,10,65
790,1945,Nov,0.07,1945-11-01,11,65
791,1945,Dec,-0.07,1945-12-01,12,65
792,1946,Jan,0.15,1946-01-01,1,66
793,1946,Feb,0.03,1946-02-01,2,66
794,1946,Mar,0.01,1946-03-01,3,66
795,1946,Apr,0.06,1946-04-01,4,66
796,1946,May,-0.07,1946-05-01,5,66
797,1946,Jun,-0.21,1946-06-01,6,66
798,1946,Jul,-0.12,1946-07-01,7,66
799,1946,Aug,-0.2,1946-08-01,8,66
800,1946,Sep,-0.08,1946-09-01,9,66
801,1946,Oct,-0.08,1946-10-01,10,66
802,1946,Nov,-0.05,1946-11-01,11,66
803,1946,Dec,-0.31,1946-12-01,12,66
804,1947,Jan,-0.06,1947-01-01,1,67
805,1947,Feb,-0.08,1947-02-01,2,67
806,1947,Mar,0.07,1947-03-01,3,67
807,1947,Apr,0.06,1947-04-01,4,67
808,1947,May,-0.02,1947-05-01,5,67
809,1947,Jun,-0.02,1947-06-01,6,67
810,1947,Jul,-0.04,1947-07-01,7,67
811,1947,Aug,-0.07,1947-08-01,8,67
812,1947,Sep,-0.12,1947-09-01,9,67
813,1947,Oct,0.07,1947-10-01,10,67
814,1947,Nov,0.02,1947-11-01,11,67
815,1947,Dec,-0.13,1947-12-01,12,67
816,1948,Jan,0.06,1948-01-01,1,68
817,1948,Feb,-0.15,1948-02-01,2,68
818,1948,Mar,-0.24,1948-03-01,3,68
819,1948,Apr,-0.12,1948-04-01,4,68
820,1948,May,-0.01,1948-05-01,5,68
821,1948,Jun,-0.05,1948-06-01,6,68
822,1948,Jul,-0.11,1948-07-01,7,68
823,1948,Aug,-0.12,1948-08-01,8,68
824,1948,Sep,-0.14,1948-09-01,9,68
825,1948,Oct,-0.05,1948-10-01,10,68
826,1948,Nov,-0.12,1948-11-01,11,68
827,1948,Dec,-0.23,1948-12-01,12,68
828,1949,Jan,0.07,1949-01-01,1,69
829,1949,Feb,-0.14,1949-02-01,2,69
830,1949,Mar,-0.02,1949-03-01,3,69
831,1949,Apr,-0.11,1949-04-01,4,69
832,1949,May,-0.1,1949-05-01,5,69
833,1949,Jun,-0.27,1949-06-01,6,69
834,1949,Jul,-0.13,1949-07-01,7,69
835,1949,Aug,-0.13,1949-08-01,8,69
836,1949,Sep,-0.14,1949-09-01,9,69
837,1949,Oct,-0.06,1949-10-01,10,69
838,1949,Nov,-0.1,1949-11-01,11,69
839,1949,Dec,-0.18,1949-12-01,12,69
840,1950,Jan,-0.26,1950-01-01,1,70
841,1950,Feb,-0.27,1950-02-01,2,70
842,1950,Mar,-0.08,1950-03-01,3,70
843,1950,Apr,-0.21,1950-04-01,4,70
844,1950,May,-0.11,1950-05-01,5,70
845,1950,Jun,-0.05,1950-06-01,6,70
846,1950,Jul,-0.08,1950-07-01,7,70
847,1950,Aug,-0.16,1950-08-01,8,70
848,1950,Sep,-0.11,1950-09-01,9,70
849,1950,Oct,-0.2,1950-10-01,10,70
850,1950,Nov,-0.34,1950-11-01,11,70
851,1950,Dec,-0.22,1950-12-01,12,70
852,1951,Jan,-0.34,1951-01-01,1,71
853,1951,Feb,-0.42,1951-02-01,2,71
854,1951,Mar,-0.2,1951-03-01,3,71
855,1951,Apr,-0.14,1951-04-01,4,71
856,1951,May,0.0,1951-05-01,5,71
857,1951,Jun,-0.07,1951-06-01,6,71
858,1951,Jul,-0.01,1951-07-01,7,71
859,1951,Aug,0.06,1951-08-01,8,71
860,1951,Sep,0.05,1951-09-01,9,71
861,1951,Oct,0.08,1951-10-01,10,71
862,1951,Nov,-0.01,1951-11-01,11,71
863,1951,Dec,0.16,1951-12-01,12,71
864,1952,Jan,0.11,1952-01-01,1,72
865,1952,Feb,0.11,1952-02-01,2,72
866,1952,Mar,-0.08,1952-03-01,3,72
867,1952,Apr,0.03,1952-04-01,4,72
868,1952,May,-0.03,1952-05-01,5,72
869,1952,Jun,-0.03,1952-06-01,6,72
870,1952,Jul,0.04,1952-07-01,7,72
871,1952,Aug,0.05,1952-08-01,8,72
872,1952,Sep,0.07,1952-09-01,9,72
873,1952,Oct,0.0,1952-10-01,10,72
874,1952,Nov,-0.13,1952-11-01,11,72
875,1952,Dec,-0.02,1952-12-01,12,72
876,1953,Jan,0.07,1953-01-01,1,73
877,1953,Feb,0.15,1953-02-01,2,73
878,1953,Mar,0.11,1953-03-01,3,73
879,1953,Apr,0.19,1953-04-01,4,73
880,1953,May,0.11,1953-05-01,5,73
881,1953,Jun,0.11,1953-06-01,6,73
882,1953,Jul,0.01,1953-07-01,7,73
883,1953,Aug,0.05,1953-08-01,8,73
884,1953,Sep,0.04,1953-09-01,9,73
885,1953,Oct,0.08,1953-10-01,10,73
886,1953,Nov,-0.03,1953-11-01,11,73
887,1953,Dec,0.05,1953-12-01,12,73
888,1954,Jan,-0.24,1954-01-01,1,74
889,1954,Feb,-0.1,1954-02-01,2,74
890,1954,Mar,-0.15,1954-03-01,3,74
891,1954,Apr,-0.14,1954-04-01,4,74
892,1954,May,-0.2,1954-05-01,5,74
893,1954,Jun,-0.19,1954-06-01,6,74
894,1954,Jul,-0.19,1954-07-01,7,74
895,1954,Aug,-0.18,1954-08-01,8,74
896,1954,Sep,-0.09,1954-09-01,9,74
897,1954,Oct,-0.02,1954-10-01,10,74
898,1954,Nov,0.08,1954-11-01,11,74
899,1954,Dec,-0.18,1954-12-01,12,74
900,1955,Jan,0.13,1955-01-01,1,75
901,1955,Feb,-0.16,1955-02-01,2,75
902,1955,Mar,-0.32,1955-03-01,3,75
903,1955,Apr,-0.22,1955-04-01,4,75
904,1955,May,-0.2,1955-05-01,5,75
905,1955,Jun,-0.14,1955-06-01,6,75
906,1955,Jul,-0.11,1955-07-01,7,75
907,1955,Aug,0.02,1955-08-01,8,75
908,1955,Sep,-0.11,1955-09-01,9,75
909,1955,Oct,-0.05,1955-10-01,10,75
910,1955,Nov,-0.25,1955-11-01,11,75
911,1955,Dec,-0.28,1955-12-01,12,75
912,1956,Jan,-0.13,1956-01-01,1,76
913,1956,Feb,-0.24,1956-02-01,2,76
914,1956,Mar,-0.21,1956-03-01,3,76
915,1956,Apr,-0.28,1956-04-01,4,76
916,1956,May,-0.29,1956-05-01,5,76
917,1956,Jun,-0.16,1956-06-01,6,76
918,1956,Jul,-0.09,1956-07-01,7,76
919,1956,Aug,-0.26,1956-08-01,8,76
920,1956,Sep,-0.19,1956-09-01,9,76
921,1956,Oct,-0.23,1956-10-01,10,76
922,1956,Nov,-0.15,1956-11-01,11,76
923,1956,Dec,-0.06,1956-12-01,12,76
924,1957,Jan,-0.09,1957-01-01,1,77
925,1957,Feb,-0.03,1957-02-01,2,77
926,1957,Mar,-0.05,1957-03-01,3,77
927,1957,Apr,0.0,1957-04-01,4,77
928,1957,May,0.09,1957-05-01,5,77
929,1957,Jun,0.16,1957-06-01,6,77
930,1957,Jul,0.02,1957-07-01,7,77
931,1957,Aug,0.15,1957-08-01,8,77
932,1957,Sep,0.08,1957-09-01,9,77
933,1957,Oct,0.01,1957-10-01,10,77
934,1957,Nov,0.08,1957-11-01,11,77
935,1957,Dec,0.15,1957-12-01,12,77
936,1958,Jan,0.39,1958-01-01,1,78
937,1958,Feb,0.22,1958-02-01,2,78
938,1958,Mar,0.09,1958-03-01,3,78
939,1958,Apr,0.01,1958-04-01,4,78
940,1958,May,0.06,1958-05-01,5,78
941,1958,Jun,-0.08,1958-06-01,6,78
942,1958,Jul,0.05,1958-07-01,7,78
943,1958,Aug,-0.05,1958-08-01,8,78
944,1958,Sep,-0.02,1958-09-01,9,78
945,1958,Oct,0.04,1958-10-01,10,78
946,1958,Nov,0.02,1958-11-01,11,78
947,1958,Dec,0.01,1958-12-01,12,78
948,1959,Jan,0.08,1959-01-01,1,79
949,1959,Feb,0.07,1959-02-01,2,79
950,1959,Mar,0.18,1959-03-01,3,79
951,1959,Apr,0.16,1959-04-01,4,79
952,1959,May,0.04,1959-05-01,5,79
953,1959,Jun,0.03,1959-06-01,6,79
954,1959,Jul,0.03,1959-07-01,7,79
955,1959,Aug,-0.01,1959-08-01,8,79
956,1959,Sep,-0.06,1959-09-01,9,79
957,1959,Oct,-0.07,1959-10-01,10,79
958,1959,Nov,-0.08,1959-11-01,11,79
959,1959,Dec,0.0,1959-12-01,12,79
960,1960,Jan,0.0,1960-01-01,1,80
961,1960,Feb,0.13,1960-02-01,2,80
962,1960,Mar,-0.35,1960-03-01,3,80
963,1960,Apr,-0.15,1960-04-01,4,80
964,1960,May,-0.08,1960-05-01,5,80
965,1960,Jun,-0.04,1960-06-01,6,80
966,1960,Jul,-0.04,1960-07-01,7,80
967,1960,Aug,0.02,1960-08-01,8,80
968,1960,Sep,0.07,1960-09-01,9,80
969,1960,Oct,0.06,1960-10-01,10,80
970,1960,Nov,-0.11,1960-11-01,11,80
971,1960,Dec,0.19,1960-12-01,12,80
972,1961,Jan,0.07,1961-01-01,1,81
973,1961,Feb,0.19,1961-02-01,2,81
974,1961,Mar,0.09,1961-03-01,3,81
975,1961,Apr,0.13,1961-04-01,4,81
976,1961,May,0.12,1961-05-01,5,81
977,1961,Jun,0.11,1961-06-01,6,81
978,1961,Jul,0.01,1961-07-01,7,81
979,1961,Aug,0.01,1961-08-01,8,81
980,1961,Sep,0.08,1961-09-01,9,81
981,1961,Oct,0.0,1961-10-01,10,81
982,1961,Nov,0.03,1961-11-01,11,81
983,1961,Dec,-0.16,1961-12-01,12,81
984,1962,Jan,0.05,1962-01-01,1,82
985,1962,Feb,0.15,1962-02-01,2,82
986,1962,Mar,0.1,1962-03-01,3,82
987,1962,Apr,0.05,1962-04-01,4,82
988,1962,May,-0.06,1962-05-01,5,82
989,1962,Jun,0.03,1962-06-01,6,82
990,1962,Jul,0.02,1962-07-01,7,82
991,1962,Aug,-0.01,1962-08-01,8,82
992,1962,Sep,0.0,1962-09-01,9,82
993,1962,Oct,0.01,1962-10-01,10,82
994,1962,Nov,0.06,1962-11-01,11,82
995,1962,Dec,-0.03,1962-12-01,12,82
996,1963,Jan,-0.03,1963-01-01,1,83
997,1963,Feb,0.18,1963-02-01,2,83
998,1963,Mar,-0.14,1963-03-01,3,83
999,1963,Apr,-0.07,1963-04-01,4,83
1000,1963,May,-0.06,1963-05-01,5,83
1001,1963,Jun,0.05,1963-06-01,6,83
1002,1963,Jul,0.06,1963-07-01,7,83
1003,1963,Aug,0.23,1963-08-01,8,83
1004,1963,Sep,0.18,1963-09-01,9,83
1005,1963,Oct,0.15,1963-10-01,10,83
1006,1963,Nov,0.15,1963-11-01,11,83
1007,1963,Dec,-0.03,1963-12-01,12,83
1008,1964,Jan,-0.09,1964-01-01,1,84
1009,1964,Feb,-0.1,1964-02-01,2,84
1010,1964,Mar,-0.21,1964-03-01,3,84
1011,1964,Apr,-0.32,1964-04-01,4,84
1012,1964,May,-0.25,1964-05-01,5,84
1013,1964,Jun,-0.04,1964-06-01,6,84
1014,1964,Jul,-0.04,1964-07-01,7,84
1015,1964,Aug,-0.22,1964-08-01,8,84
1016,1964,Sep,-0.29,1964-09-01,9,84
1017,1964,Oct,-0.32,1964-10-01,10,84
1018,1964,Nov,-0.21,1964-11-01,11,84
1019,1964,Dec,-0.29,1964-12-01,12,84
1020,1965,Jan,-0.08,1965-01-01,1,85
1021,1965,Feb,-0.17,1965-02-01,2,85
1022,1965,Mar,-0.13,1965-03-01,3,85
1023,1965,Apr,-0.19,1965-04-01,4,85
1024,1965,May,-0.12,1965-05-01,5,85
1025,1965,Jun,-0.08,1965-06-01,6,85
1026,1965,Jul,-0.13,1965-07-01,7,85
1027,1965,Aug,-0.04,1965-08-01,8,85
1028,1965,Sep,-0.15,1965-09-01,9,85
1029,1965,Oct,-0.05,1965-10-01,10,85
1030,1965,Nov,-0.06,1965-11-01,11,85
1031,1965,Dec,-0.08,1965-12-01,12,85
1032,1966,Jan,-0.19,1966-01-01,1,86
1033,1966,Feb,-0.04,1966-02-01,2,86
1034,1966,Mar,0.03,1966-03-01,3,86
1035,1966,Apr,-0.13,1966-04-01,4,86
1036,1966,May,-0.12,1966-05-01,5,86
1037,1966,Jun,0.01,1966-06-01,6,86
1038,1966,Jul,0.08,1966-07-01,7,86
1039,1966,Aug,-0.08,1966-08-01,8,86
1040,1966,Sep,-0.03,1966-09-01,9,86
1041,1966,Oct,-0.17,1966-10-01,10,86
1042,1966,Nov,-0.01,1966-11-01,11,86
1043,1966,Dec,-0.03,1966-12-01,12,86
1044,1967,Jan,-0.07,1967-01-01,1,87
1045,1967,Feb,-0.21,1967-02-01,2,87
1046,1967,Mar,0.05,1967-03-01,3,87
1047,1967,Apr,-0.05,1967-04-01,4,87
1048,1967,May,0.12,1967-05-01,5,87
1049,1967,Jun,-0.08,1967-06-01,6,87
1050,1967,Jul,0.02,1967-07-01,7,87
1051,1967,Aug,0.01,1967-08-01,8,87
1052,1967,Sep,-0.06,1967-09-01,9,87
1053,1967,Oct,0.09,1967-10-01,10,87
1054,1967,Nov,-0.05,1967-11-01,11,87
1055,1967,Dec,-0.05,1967-12-01,12,87
1056,1968,Jan,-0.26,1968-01-01,1,88
1057,1968,Feb,-0.14,1968-02-01,2,88
1058,1968,Mar,0.2,1968-03-01,3,88
1059,1968,Apr,-0.06,1968-04-01,4,88
1060,1968,May,-0.14,1968-05-01,5,88
1061,1968,Jun,-0.09,1968-06-01,6,88
1062,1968,Jul,-0.13,1968-07-01,7,88
1063,1968,Aug,-0.09,1968-08-01,8,88
1064,1968,Sep,-0.19,1968-09-01,9,88
1065,1968,Oct,0.09,1968-10-01,10,88
1066,1968,Nov,-0.05,1968-11-01,11,88
1067,1968,Dec,-0.14,1968-12-01,12,88
1068,1969,Jan,-0.11,1969-01-01,1,89
1069,1969,Feb,-0.18,1969-02-01,2,89
1070,1969,Mar,0.01,1969-03-01,3,89
1071,1969,Apr,0.17,1969-04-01,4,89
1072,1969,May,0.18,1969-05-01,5,89
1073,1969,Jun,0.03,1969-06-01,6,89
1074,1969,Jul,-0.04,1969-07-01,7,89
1075,1969,Aug,0.04,1969-08-01,8,89
1076,1969,Sep,0.08,1969-09-01,9,89
1077,1969,Oct,0.09,1969-10-01,10,89
1078,1969,Nov,0.12,1969-11-01,11,89
1079,1969,Dec,0.24,1969-12-01,12,89
1080,1970,Jan,0.08,1970-01-01,1,90
1081,1970,Feb,0.22,1970-02-01,2,90
1082,1970,Mar,0.06,1970-03-01,3,90
1083,1970,Apr,0.05,1970-04-01,4,90
1084,1970,May,-0.03,1970-05-01,5,90
1085,1970,Jun,-0.03,1970-06-01,6,90
1086,1970,Jul,0.01,1970-07-01,7,90
1087,1970,Aug,-0.1,1970-08-01,8,90
1088,1970,Sep,0.12,1970-09-01,9,90
1089,1970,Oct,0.03,1970-10-01,10,90
1090,1970,Nov,0.02,1970-11-01,11,90
1091,1970,Dec,-0.12,1970-12-01,12,90
1092,1971,Jan,-0.02,1971-01-01,1,91
1093,1971,Feb,-0.15,1971-02-01,2,91
1094,1971,Mar,-0.18,1971-03-01,3,91
1095,1971,Apr,-0.07,1971-04-01,4,91
1096,1971,May,-0.05,1971-05-01,5,91
1097,1971,Jun,-0.16,1971-06-01,6,91
1098,1971,Jul,-0.08,1971-07-01,7,91
1099,1971,Aug,-0.01,1971-08-01,8,91
1100,1971,Sep,-0.06,1971-09-01,9,91
1101,1971,Oct,-0.04,1971-10-01,10,91
1102,1971,Nov,-0.07,1971-11-01,11,91
1103,1971,Dec,-0.08,1971-12-01,12,91
1104,1972,Jan,-0.22,1972-01-01,1,92
1105,1972,Feb,-0.18,1972-02-01,2,92
1106,1972,Mar,0.02,1972-03-01,3,92
1107,1972,Apr,0.0,1972-04-01,4,92
1108,1972,May,-0.03,1972-05-01,5,92
1109,1972,Jun,0.04,1972-06-01,6,92
1110,1972,Jul,0.01,1972-07-01,7,92
1111,1972,Aug,0.16,1972-08-01,8,92
1112,1972,Sep,0.02,1972-09-01,9,92
1113,1972,Oct,0.08,1972-10-01,10,92
1114,1972,Nov,0.02,1972-11-01,11,92
1115,1972,Dec,0.18,1972-12-01,12,92
1116,1973,Jan,0.29,1973-01-01,1,93
1117,1973,Feb,0.32,1973-02-01,2,93
1118,1973,Mar,0.29,1973-03-01,3,93
1119,1973,Apr,0.27,1973-04-01,4,93
1120,1973,May,0.22,1973-05-01,5,93
1121,1973,Jun,0.19,1973-06-01,6,93
1122,1973,Jul,0.12,1973-07-01,7,93
1123,1973,Aug,0.05,1973-08-01,8,93
1124,1973,Sep,0.09,1973-09-01,9,93
1125,1973,Oct,0.1,1973-10-01,10,93
1126,1973,Nov,0.04,1973-11-01,11,93
1127,1973,Dec,-0.07,1973-12-01,12,93
1128,1974,Jan,-0.1,1974-01-01,1,94
1129,1974,Feb,-0.27,1974-02-01,2,94
1130,1974,Mar,-0.05,1974-03-01,3,94
1131,1974,Apr,-0.11,1974-04-01,4,94
1132,1974,May,-0.04,1974-05-01,5,94
1133,1974,Jun,-0.05,1974-06-01,6,94
1134,1974,Jul,-0.03,1974-07-01,7,94
1135,1974,Aug,0.1,1974-08-01,8,94
1136,1974,Sep,-0.08,1974-09-01,9,94
1137,1974,Oct,-0.06,1974-10-01,10,94
1138,1974,Nov,-0.08,1974-11-01,11,94
1139,1974,Dec,-0.08,1974-12-01,12,94
1140,1975,Jan,0.1,1975-01-01,1,95
1141,1975,Feb,0.08,1975-02-01,2,95
1142,1975,Mar,0.12,1975-03-01,3,95
1143,1975,Apr,0.04,1975-04-01,4,95
1144,1975,May,0.16,1975-05-01,5,95
1145,1975,Jun,-0.01,1975-06-01,6,95
1146,1975,Jul,-0.01,1975-07-01,7,95
1147,1975,Aug,-0.17,1975-08-01,8,95
1148,1975,Sep,-0.02,1975-09-01,9,95
1149,1975,Oct,-0.11,1975-10-01,10,95
1150,1975,Nov,-0.17,1975-11-01,11,95
1151,1975,Dec,-0.17,1975-12-01,12,95
1152,1976,Jan,-0.03,1976-01-01,1,96
1153,1976,Feb,-0.06,1976-02-01,2,96
1154,1976,Mar,-0.22,1976-03-01,3,96
1155,1976,Apr,-0.07,1976-04-01,4,96
1156,1976,May,-0.21,1976-05-01,5,96
1157,1976,Jun,-0.12,1976-06-01,6,96
1158,1976,Jul,-0.1,1976-07-01,7,96
1159,1976,Aug,-0.12,1976-08-01,8,96
1160,1976,Sep,-0.06,1976-09-01,9,96
1161,1976,Oct,-0.24,1976-10-01,10,96
1162,1976,Nov,-0.06,1976-11-01,11,96
1163,1976,Dec,0.11,1976-12-01,12,96
1164,1977,Jan,0.18,1977-01-01,1,97
1165,1977,Feb,0.22,1977-02-01,2,97
1166,1977,Mar,0.24,1977-03-01,3,97
1167,1977,Apr,0.26,1977-04-01,4,97
1168,1977,May,0.33,1977-05-01,5,97
1169,1977,Jun,0.27,1977-06-01,6,97
1170,1977,Jul,0.2,1977-07-01,7,97
1171,1977,Aug,0.18,1977-08-01,8,97
1172,1977,Sep,0.02,1977-09-01,9,97
1173,1977,Oct,0.03,1977-10-01,10,97
1174,1977,Nov,0.16,1977-11-01,11,97
1175,1977,Dec,0.03,1977-12-01,12,97
1176,1978,Jan,0.06,1978-01-01,1,98
1177,1978,Feb,0.1,1978-02-01,2,98
1178,1978,Mar,0.19,1978-03-01,3,98
1179,1978,Apr,0.17,1978-04-01,4,98
1180,1978,May,0.09,1978-05-01,5,98
1181,1978,Jun,-0.01,1978-06-01,6,98
1182,1978,Jul,0.04,1978-07-01,7,98
1183,1978,Aug,-0.13,1978-08-01,8,98
1184,1978,Sep,0.06,1978-09-01,9,98
1185,1978,Oct,0.03,1978-10-01,10,98
1186,1978,Nov,0.14,1978-11-01,11,98
1187,1978,Dec,0.08,1978-12-01,12,98
1188,1979,Jan,0.08,1979-01-01,1,99
1189,1979,Feb,-0.1,1979-02-01,2,99
1190,1979,Mar,0.19,1979-03-01,3,99
1191,1979,Apr,0.15,1979-04-01,4,99
1192,1979,May,0.04,1979-05-01,5,99
1193,1979,Jun,0.14,1979-06-01,6,99
1194,1979,Jul,0.04,1979-07-01,7,99
1195,1979,Aug,0.17,1979-08-01,8,99
1196,1979,Sep,0.25,1979-09-01,9,99
1197,1979,Oct,0.26,1979-10-01,10,99
1198,1979,Nov,0.28,1979-11-01,11,99
1199,1979,Dec,0.48,1979-12-01,12,99
1200,1980,Jan,0.3,1980-01-01,1,100
1201,1980,Feb,0.39,1980-02-01,2,100
1202,1980,Mar,0.3,1980-03-01,3,100
1203,1980,Apr,0.3,1980-04-01,4,100
1204,1980,May,0.35,1980-05-01,5,100
1205,1980,Jun,0.2,1980-06-01,6,100
1206,1980,Jul,0.22,1980-07-01,7,100
1207,1980,Aug,0.18,1980-08-01,8,100
1208,1980,Sep,0.2,1980-09-01,9,100
1209,1980,Oct,0.13,1980-10-01,10,100
1210,1980,Nov,0.3,1980-11-01,11,100
1211,1980,Dec,0.22,1980-12-01,12,100
1212,1981,Jan,0.53,1981-01-01,1,101
1213,1981,Feb,0.42,1981-02-01,2,101
1214,1981,Mar,0.48,1981-03-01,3,101
1215,1981,Apr,0.32,1981-04-01,4,101
1216,1981,May,0.25,1981-05-01,5,101
1217,1981,Jun,0.29,1981-06-01,6,101
1218,1981,Jul,0.32,1981-07-01,7,101
1219,1981,Aug,0.35,1981-08-01,8,101
1220,1981,Sep,0.15,1981-09-01,9,101
1221,1981,Oct,0.12,1981-10-01,10,101
1222,1981,Nov,0.23,1981-11-01,11,101
1223,1981,Dec,0.41,1981-12-01,12,101
1224,1982,Jan,0.05,1982-01-01,1,102
1225,1982,Feb,0.15,1982-02-01,2,102
1226,1982,Mar,0.03,1982-03-01,3,102
1227,1982,Apr,0.15,1982-04-01,4,102
1228,1982,May,0.18,1982-05-01,5,102
1229,1982,Jun,0.05,1982-06-01,6,102
1230,1982,Jul,0.15,1982-07-01,7,102
1231,1982,Aug,0.03,1982-08-01,8,102
1232,1982,Sep,0.14,1982-09-01,9,102
1233,1982,Oct,0.13,1982-10-01,10,102
1234,1982,Nov,0.18,1982-11-01,11,102
1235,1982,Dec,0.42,1982-12-01,12,102
1236,1983,Jan,0.53,1983-01-01,1,103
1237,1983,Feb,0.43,1983-02-01,2,103
1238,1983,Mar,0.41,1983-03-01,3,103
1239,1983,Apr,0.27,1983-04-01,4,103
1240,1983,May,0.34,1983-05-01,5,103
1241,1983,Jun,0.22,1983-06-01,6,103
1242,1983,Jul,0.18,1983-07-01,7,103
1243,1983,Aug,0.35,1983-08-01,8,103
1244,1983,Sep,0.37,1983-09-01,9,103
1245,1983,Oct,0.17,1983-10-01,10,103
1246,1983,Nov,0.3,1983-11-01,11,103
1247,1983,Dec,0.16,1983-12-01,12,103
1248,1984,Jan,0.31,1984-01-01,1,104
1249,1984,Feb,0.14,1984-02-01,2,104
1250,1984,Mar,0.26,1984-03-01,3,104
1251,1984,Apr,0.06,1984-04-01,4,104
1252,1984,May,0.33,1984-05-01,5,104
1253,1984,Jun,0.02,1984-06-01,6,104
1254,1984,Jul,0.19,1984-07-01,7,104
1255,1984,Aug,0.19,1984-08-01,8,104
1256,1984,Sep,0.21,1984-09-01,9,104
1257,1984,Oct,0.13,1984-10-01,10,104
1258,1984,Nov,0.07,1984-11-01,11,104
1259,1984,Dec,-0.04,1984-12-01,12,104
1260,1985,Jan,0.22,1985-01-01,1,105
1261,1985,Feb,-0.04,1985-02-01,2,105
1262,1985,Mar,0.17,1985-03-01,3,105
1263,1985,Apr,0.12,1985-04-01,4,105
1264,1985,May,0.14,1985-05-01,5,105
1265,1985,Jun,0.15,1985-06-01,6,105
1266,1985,Jul,0.04,1985-07-01,7,105
1267,1985,Aug,0.16,1985-08-01,8,105
1268,1985,Sep,0.13,1985-09-01,9,105
1269,1985,Oct,0.12,1985-10-01,10,105
1270,1985,Nov,0.05,1985-11-01,11,105
1271,1985,Dec,0.14,1985-12-01,12,105
1272,1986,Jan,0.26,1986-01-01,1,106
1273,1986,Feb,0.37,1986-02-01,2,106
1274,1986,Mar,0.3,1986-03-01,3,106
1275,1986,Apr,0.22,1986-04-01,4,106
1276,1986,May,0.21,1986-05-01,5,106
1277,1986,Jun,0.12,1986-06-01,6,106
1278,1986,Jul,0.11,1986-07-01,7,106
1279,1986,Aug,0.16,1986-08-01,8,106
1280,1986,Sep,0.03,1986-09-01,9,106
1281,1986,Oct,0.15,1986-10-01,10,106
1282,1986,Nov,0.1,1986-11-01,11,106
1283,1986,Dec,0.13,1986-12-01,12,106
1284,1987,Jan,0.32,1987-01-01,1,107
1285,1987,Feb,0.43,1987-02-01,2,107
1286,1987,Mar,0.18,1987-03-01,3,107
1287,1987,Apr,0.24,1987-04-01,4,107
1288,1987,May,0.25,1987-05-01,5,107
1289,1987,Jun,0.35,1987-06-01,6,107
1290,1987,Jul,0.4,1987-07-01,7,107
1291,1987,Aug,0.25,1987-08-01,8,107
1292,1987,Sep,0.35,1987-09-01,9,107
1293,1987,Oct,0.33,1987-10-01,10,107
1294,1987,Nov,0.29,1987-11-01,11,107
1295,1987,Dec,0.46,1987-12-01,12,107
1296,1988,Jan,0.57,1988-01-01,1,108
1297,1988,Feb,0.44,1988-02-01,2,108
1298,1988,Mar,0.51,1988-03-01,3,108
1299,1988,Apr,0.43,1988-04-01,4,108
1300,1988,May,0.44,1988-05-01,5,108
1301,1988,Jun,0.4,1988-06-01,6,108
1302,1988,Jul,0.33,1988-07-01,7,108
1303,1988,Aug,0.39,1988-08-01,8,108
1304,1988,Sep,0.37,1988-09-01,9,108
1305,1988,Oct,0.38,1988-10-01,10,108
1306,1988,Nov,0.12,1988-11-01,11,108
1307,1988,Dec,0.29,1988-12-01,12,108
1308,1989,Jan,0.12,1989-01-01,1,109
1309,1989,Feb,0.3,1989-02-01,2,109
1310,1989,Mar,0.36,1989-03-01,3,109
1311,1989,Apr,0.29,1989-04-01,4,109
1312,1989,May,0.17,1989-05-01,5,109
1313,1989,Jun,0.15,1989-06-01,6,109
1314,1989,Jul,0.34,1989-07-01,7,109
1315,1989,Aug,0.33,1989-08-01,8,109
1316,1989,Sep,0.34,1989-09-01,9,109
1317,1989,Oct,0.29,1989-10-01,10,109
1318,1989,Nov,0.2,1989-11-01,11,109
1319,1989,Dec,0.37,1989-12-01,12,109
1320,1990,Jan,0.41,1990-01-01,1,110
1321,1990,Feb,0.44,1990-02-01,2,110
1322,1990,Mar,0.8,1990-03-01,3,110
1323,1990,Apr,0.56,1990-04-01,4,110
1324,1990,May,0.45,1990-05-01,5,110
1325,1990,Jun,0.37,1990-06-01,6,110
1326,1990,Jul,0.45,1990-07-01,7,110
1327,1990,Aug,0.34,1990-08-01,8,110
1328,1990,Sep,0.23,1990-09-01,9,110
1329,1990,Oct,0.44,1990-10-01,10,110
1330,1990,Nov,0.46,1990-11-01,11,110
1331,1990,Dec,0.4,1990-12-01,12,110
1332,1991,Jan,0.42,1991-01-01,1,111
1333,1991,Feb,0.5,1991-02-01,2,111
1334,1991,Mar,0.35,1991-03-01,3,111
1335,1991,Apr,0.51,1991-04-01,4,111
1336,1991,May,0.34,1991-05-01,5,111
1337,1991,Jun,0.53,1991-06-01,6,111
1338,1991,Jul,0.47,1991-07-01,7,111
1339,1991,Aug,0.39,1991-08-01,8,111
1340,1991,Sep,0.44,1991-09-01,9,111
1341,1991,Oct,0.29,1991-10-01,10,111
1342,1991,Nov,0.29,1991-11-01,11,111
1343,1991,Dec,0.32,1991-12-01,12,111
1344,1992,Jan,0.47,1992-01-01,1,112
1345,1992,Feb,0.4,1992-02-01,2,112
1346,1992,Mar,0.48,1992-03-01,3,112
1347,1992,Apr,0.27,1992-04-01,4,112
1348,1992,May,0.31,1992-05-01,5,112
1349,1992,Jun,0.26,1992-06-01,6,112
1350,1992,Jul,0.08,1992-07-01,7,112
1351,1992,Aug,0.08,1992-08-01,8,112
1352,1992,Sep,-0.01,1992-09-01,9,112
1353,1992,Oct,0.06,1992-10-01,10,112
1354,1992,Nov,0.03,1992-11-01,11,112
1355,1992,Dec,0.22,1992-12-01,12,112
1356,1993,Jan,0.34,1993-01-01,1,113
1357,1993,Feb,0.37,1993-02-01,2,113
1358,1993,Mar,0.36,1993-03-01,3,113
1359,1993,Apr,0.28,1993-04-01,4,113
1360,1993,May,0.28,1993-05-01,5,113
1361,1993,Jun,0.23,1993-06-01,6,113
1362,1993,Jul,0.25,1993-07-01,7,113
1363,1993,Aug,0.11,1993-08-01,8,113
1364,1993,Sep,0.11,1993-09-01,9,113
1365,1993,Oct,0.23,1993-10-01,10,113
1366,1993,Nov,0.03,1993-11-01,11,113
1367,1993,Dec,0.18,1993-12-01,12,113
1368,1994,Jan,0.26,1994-01-01,1,114
1369,1994,Feb,0.02,1994-02-01,2,114
1370,1994,Mar,0.29,1994-03-01,3,114
1371,1994,Apr,0.41,1994-04-01,4,114
1372,1994,May,0.28,1994-05-01,5,114
1373,1994,Jun,0.43,1994-06-01,6,114
1374,1994,Jul,0.3,1994-07-01,7,114
1375,1994,Aug,0.21,1994-08-01,8,114
1376,1994,Sep,0.31,1994-09-01,9,114
1377,1994,Oct,0.42,1994-10-01,10,114
1378,1994,Nov,0.44,1994-11-01,11,114
1379,1994,Dec,0.38,1994-12-01,12,114
1380,1995,Jan,0.52,1995-01-01,1,115
1381,1995,Feb,0.79,1995-02-01,2,115
1382,1995,Mar,0.46,1995-03-01,3,115
1383,1995,Apr,0.46,1995-04-01,4,115
1384,1995,May,0.27,1995-05-01,5,115
1385,1995,Jun,0.43,1995-06-01,6,115
1386,1995,Jul,0.45,1995-07-01,7,115
1387,1995,Aug,0.45,1995-08-01,8,115
1388,1995,Sep,0.33,1995-09-01,9,115
1389,1995,Oct,0.47,1995-10-01,10,115
1390,1995,Nov,0.44,1995-11-01,11,115
1391,1995,Dec,0.26,1995-12-01,12,115
1392,1996,Jan,0.24,1996-01-01,1,116
1393,1996,Feb,0.46,1996-02-01,2,116
1394,1996,Mar,0.32,1996-03-01,3,116
1395,1996,Apr,0.33,1996-04-01,4,116
1396,1996,May,0.27,1996-05-01,5,116
1397,1996,Jun,0.29,1996-06-01,6,116
1398,1996,Jul,0.36,1996-07-01,7,116
1399,1996,Aug,0.48,1996-08-01,8,116
1400,1996,Sep,0.25,1996-09-01,9,116
1401,1996,Oct,0.24,1996-10-01,10,116
1402,1996,Nov,0.38,1996-11-01,11,116
1403,1996,Dec,0.37,1996-12-01,12,116
1404,1997,Jan,0.31,1997-01-01,1,117
1405,1997,Feb,0.4,1997-02-01,2,117
1406,1997,Mar,0.51,1997-03-01,3,117
1407,1997,Apr,0.33,1997-04-01,4,117
1408,1997,May,0.34,1997-05-01,5,117
1409,1997,Jun,0.54,1997-06-01,6,117
1410,1997,Jul,0.34,1997-07-01,7,117
1411,1997,Aug,0.41,1997-08-01,8,117
1412,1997,Sep,0.52,1997-09-01,9,117
1413,1997,Oct,0.61,1997-10-01,10,117
1414,1997,Nov,0.64,1997-11-01,11,117
1415,1997,Dec,0.59,1997-12-01,12,117
1416,1998,Jan,0.58,1998-01-01,1,118
1417,1998,Feb,0.87,1998-02-01,2,118
1418,1998,Mar,0.63,1998-03-01,3,118
1419,1998,Apr,0.63,1998-04-01,4,118
1420,1998,May,0.68,1998-05-01,5,118
1421,1998,Jun,0.77,1998-06-01,6,118
1422,1998,Jul,0.66,1998-07-01,7,118
1423,1998,Aug,0.65,1998-08-01,8,118
1424,1998,Sep,0.41,1998-09-01,9,118
1425,1998,Oct,0.41,1998-10-01,10,118
1426,1998,Nov,0.43,1998-11-01,11,118
1427,1998,Dec,0.55,1998-12-01,12,118
1428,1999,Jan,0.48,1999-01-01,1,119
1429,1999,Feb,0.64,1999-02-01,2,119
1430,1999,Mar,0.32,1999-03-01,3,119
1431,1999,Apr,0.32,1999-04-01,4,119
1432,1999,May,0.26,1999-05-01,5,119
1433,1999,Jun,0.36,1999-06-01,6,119
1434,1999,Jul,0.38,1999-07-01,7,119
1435,1999,Aug,0.31,1999-08-01,8,119
1436,1999,Sep,0.38,1999-09-01,9,119
1437,1999,Oct,0.34,1999-10-01,10,119
1438,1999,Nov,0.37,1999-11-01,11,119
1439,1999,Dec,0.41,1999-12-01,12,119
1440,2000,Jan,0.25,2000-01-01,1,120
1441,2000,Feb,0.56,2000-02-01,2,120
1442,2000,Mar,0.55,2000-03-01,3,120
1443,2000,Apr,0.57,2000-04-01,4,120
1444,2000,May,0.35,2000-05-01,5,120
1445,2000,Jun,0.4,2000-06-01,6,120
1446,2000,Jul,0.39,2000-07-01,7,120
1447,2000,Aug,0.42,2000-08-01,8,120
1448,2000,Sep,0.38,2000-09-01,9,120
1449,2000,Oct,0.26,2000-10-01,10,120
1450,2000,Nov,0.3,2000-11-01,11,120
1451,2000,Dec,0.28,2000-12-01,12,120
1452,2001,Jan,0.45,2001-01-01,1,121
1453,2001,Feb,0.44,2001-02-01,2,121
1454,2001,Mar,0.55,2001-03-01,3,121
1455,2001,Apr,0.5,2001-04-01,4,121
1456,2001,May,0.57,2001-05-01,5,121
1457,2001,Jun,0.52,2001-06-01,6,121
1458,2001,Jul,0.59,2001-07-01,7,121
1459,2001,Aug,0.49,2001-08-01,8,121
1460,2001,Sep,0.51,2001-09-01,9,121
1461,2001,Oct,0.5,2001-10-01,10,121
1462,2001,Nov,0.72,2001-11-01,11,121
1463,2001,Dec,0.56,2001-12-01,12,121
1464,2002,Jan,0.77,2002-01-01,1,122
1465,2002,Feb,0.78,2002-02-01,2,122
1466,2002,Mar,0.88,2002-03-01,3,122
1467,2002,Apr,0.58,2002-04-01,4,122
1468,2002,May,0.64,2002-05-01,5,122
1469,2002,Jun,0.53,2002-06-01,6,122
1470,2002,Jul,0.61,2002-07-01,7,122
1471,2002,Aug,0.53,2002-08-01,8,122
1472,2002,Sep,0.63,2002-09-01,9,122
1473,2002,Oct,0.53,2002-10-01,10,122
1474,2002,Nov,0.58,2002-11-01,11,122
1475,2002,Dec,0.43,2002-12-01,12,122
1476,2003,Jan,0.75,2003-01-01,1,123
1477,2003,Feb,0.58,2003-02-01,2,123
1478,2003,Mar,0.59,2003-03-01,3,123
1479,2003,Apr,0.55,2003-04-01,4,123
1480,2003,May,0.6,2003-05-01,5,123
1481,2003,Jun,0.48,2003-06-01,6,123
1482,2003,Jul,0.58,2003-07-01,7,123
1483,2003,Aug,0.64,2003-08-01,8,123
1484,2003,Sep,0.62,2003-09-01,9,123
1485,2003,Oct,0.72,2003-10-01,10,123
1486,2003,Nov,0.53,2003-11-01,11,123
1487,2003,Dec,0.75,2003-12-01,12,123
1488,2004,Jan,0.58,2004-01-01,1,124
1489,2004,Feb,0.72,2004-02-01,2,124
1490,2004,Mar,0.63,2004-03-01,3,124
1491,2004,Apr,0.61,2004-04-01,4,124
1492,2004,May,0.37,2004-05-01,5,124
1493,2004,Jun,0.44,2004-06-01,6,124
1494,2004,Jul,0.26,2004-07-01,7,124
1495,2004,Aug,0.45,2004-08-01,8,124
1496,2004,Sep,0.49,2004-09-01,9,124
1497,2004,Oct,0.6,2004-10-01,10,124
1498,2004,Nov,0.72,2004-11-01,11,124
1499,2004,Dec,0.5,2004-12-01,12,124
1500,2005,Jan,0.74,2005-01-01,1,125
1501,2005,Feb,0.6,2005-02-01,2,125
1502,2005,Mar,0.74,2005-03-01,3,125
1503,2005,Apr,0.67,2005-04-01,4,125
1504,2005,May,0.63,2005-05-01,5,125
1505,2005,Jun,0.64,2005-06-01,6,125
1506,2005,Jul,0.61,2005-07-01,7,125
1507,2005,Aug,0.6,2005-08-01,8,125
1508,2005,Sep,0.71,2005-09-01,9,125
1509,2005,Oct,0.75,2005-10-01,10,125
1510,2005,Nov,0.73,2005-11-01,11,125
1511,2005,Dec,0.68,2005-12-01,12,125
1512,2006,Jan,0.55,2006-01-01,1,126
1513,2006,Feb,0.73,2006-02-01,2,126
1514,2006,Mar,0.63,2006-03-01,3,126
1515,2006,Apr,0.46,2006-04-01,4,126
1516,2006,May,0.47,2006-05-01,5,126
1517,2006,Jun,0.66,2006-06-01,6,126
1518,2006,Jul,0.54,2006-07-01,7,126
1519,2006,Aug,0.7,2006-08-01,8,126
1520,2006,Sep,0.65,2006-09-01,9,126
1521,2006,Oct,0.7,2006-10-01,10,126
1522,2006,Nov,0.73,2006-11-01,11,126
1523,2006,Dec,0.79,2006-12-01,12,126
1524,2007,Jan,1.02,2007-01-01,1,127
1525,2007,Feb,0.7,2007-02-01,2,127
1526,2007,Mar,0.72,2007-03-01,3,127
1527,2007,Apr,0.76,2007-04-01,4,127
1528,2007,May,0.69,2007-05-01,5,127
1529,2007,Jun,0.61,2007-06-01,6,127
1530,2007,Jul,0.59,2007-07-01,7,127
1531,2007,Aug,0.6,2007-08-01,8,127
1532,2007,Sep,0.6,2007-09-01,9,127
1533,2007,Oct,0.58,2007-10-01,10,127
1534,2007,Nov,0.59,2007-11-01,11,127
1535,2007,Dec,0.49,2007-12-01,12,127
1536,2008,Jan,0.3,2008-01-01,1,128
1537,2008,Feb,0.38,2008-02-01,2,128
1538,2008,Mar,0.74,2008-03-01,3,128
1539,2008,Apr,0.53,2008-04-01,4,128
1540,2008,May,0.49,2008-05-01,5,128
1541,2008,Jun,0.48,2008-06-01,6,128
1542,2008,Jul,0.6,2008-07-01,7,128
1543,2008,Aug,0.45,2008-08-01,8,128
1544,2008,Sep,0.61,2008-09-01,9,128
1545,2008,Oct,0.67,2008-10-01,10,128
1546,2008,Nov,0.68,2008-11-01,11,128
1547,2008,Dec,0.54,2008-12-01,12,128
1548,2009,Jan,0.64,2009-01-01,1,129
1549,2009,Feb,0.52,2009-02-01,2,129
1550,2009,Mar,0.53,2009-03-01,3,129
1551,2009,Apr,0.61,2009-04-01,4,129
1552,2009,May,0.65,2009-05-01,5,129
1553,2009,Jun,0.64,2009-06-01,6,129
1554,2009,Jul,0.73,2009-07-01,7,129
1555,2009,Aug,0.69,2009-08-01,8,129
1556,2009,Sep,0.71,2009-09-01,9,129
1557,2009,Oct,0.65,2009-10-01,10,129
1558,2009,Nov,0.79,2009-11-01,11,129
1559,2009,Dec,0.67,2009-12-01,12,129
1560,2010,Jan,0.75,2010-01-01,1,130
1561,2010,Feb,0.83,2010-02-01,2,130
1562,2010,Mar,0.92,2010-03-01,3,130
1563,2010,Apr,0.84,2010-04-01,4,130
1564,2010,May,0.75,2010-05-01,5,130
1565,2010,Jun,0.68,2010-06-01,6,130
1566,2010,Jul,0.63,2010-07-01,7,130
1567,2010,Aug,0.67,2010-08-01,8,130
1568,2010,Sep,0.64,2010-09-01,9,130
1569,2010,Oct,0.71,2010-10-01,10,130
1570,2010,Nov,0.81,2010-11-01,11,130
1571,2010,Dec,0.44,2010-12-01,12,130
1572,2011,Jan,0.52,2011-01-01,1,131
1573,2011,Feb,0.48,2011-02-01,2,131
1574,2011,Mar,0.65,2011-03-01,3,131
1575,2011,Apr,0.65,2011-04-01,4,131
1576,2011,May,0.53,2011-05-01,5,131
1577,2011,Jun,0.62,2011-06-01,6,131
1578,2011,Jul,0.7,2011-07-01,7,131
1579,2011,Aug,0.75,2011-08-01,8,131
1580,2011,Sep,0.56,2011-09-01,9,131
1581,2011,Oct,0.65,2011-10-01,10,131
1582,2011,Nov,0.58,2011-11-01,11,131
1583,2011,Dec,0.6,2011-12-01,12,131
1584,2012,Jan,0.49,2012-01-01,1,132
1585,2012,Feb,0.49,2012-02-01,2,132
1586,2012,Mar,0.57,2012-03-01,3,132
1587,2012,Apr,0.72,2012-04-01,4,132
1588,2012,May,0.78,2012-05-01,5,132
1589,2012,Jun,0.64,2012-06-01,6,132
1590,2012,Jul,0.58,2012-07-01,7,132
1591,2012,Aug,0.66,2012-08-01,8,132
1592,2012,Sep,0.72,2012-09-01,9,132
1593,2012,Oct,0.8,2012-10-01,10,132
1594,2012,Nov,0.78,2012-11-01,11,132
1595,2012,Dec,0.53,2012-12-01,12,132
1596,2013,Jan,0.7,2013-01-01,1,133
1597,2013,Feb,0.62,2013-02-01,2,133
1598,2013,Mar,0.67,2013-03-01,3,133
1599,2013,Apr,0.53,2013-04-01,4,133
1600,2013,May,0.61,2013-05-01,5,133
1601,2013,Jun,0.69,2013-06-01,6,133
1602,2013,Jul,0.6,2013-07-01,7,133
1603,2013,Aug,0.7,2013-08-01,8,133
1604,2013,Sep,0.76,2013-09-01,9,133
1605,2013,Oct,0.69,2013-10-01,10,133
1606,2013,Nov,0.83,2013-11-01,11,133
1607,2013,Dec,0.69,2013-12-01,12,133
1608,2014,Jan,0.76,2014-01-01,1,134
1609,2014,Feb,0.55,2014-02-01,2,134
1610,2014,Mar,0.78,2014-03-01,3,134
1611,2014,Apr,0.79,2014-04-01,4,134
1612,2014,May,0.86,2014-05-01,5,134
1613,2014,Jun,0.67,2014-06-01,6,134
1614,2014,Jul,0.58,2014-07-01,7,134
1615,2014,Aug,0.83,2014-08-01,8,134
1616,2014,Sep,0.87,2014-09-01,9,134
1617,2014,Oct,0.8,2014-10-01,10,134
1618,2014,Nov,0.66,2014-11-01,11,134
1619,2014,Dec,0.78,2014-12-01,12,134
1620,2015,Jan,0.85,2015-01-01,1,135
1621,2015,Feb,0.9,2015-02-01,2,135
1622,2015,Mar,0.96,2015-03-01,3,135
1623,2015,Apr,0.76,2015-04-01,4,135
1624,2015,May,0.8,2015-05-01,5,135
1625,2015,Jun,0.81,2015-06-01,6,135
1626,2015,Jul,0.73,2015-07-01,7,135
1627,2015,Aug,0.79,2015-08-01,8,135
1628,2015,Sep,0.85,2015-09-01,9,135
1629,2015,Oct,1.09,2015-10-01,10,135
1630,2015,Nov,1.06,2015-11-01,11,135
1631,2015,Dec,1.16,2015-12-01,12,135
1632,2016,Jan,1.17,2016-01-01,1,136
1633,2016,Feb,1.36,2016-02-01,2,136
1634,2016,Mar,1.35,2016-03-01,3,136
1635,2016,Apr,1.1,2016-04-01,4,136
1636,2016,May,0.95,2016-05-01,5,136
1637,2016,Jun,0.8,2016-06-01,6,136
1638,2016,Jul,0.84,2016-07-01,7,136
1639,2016,Aug,1.02,2016-08-01,8,136
1640,2016,Sep,0.9,2016-09-01,9,136
1641,2016,Oct,0.88,2016-10-01,10,136
1642,2016,Nov,0.92,2016-11-01,11,136
1643,2016,Dec,0.86,2016-12-01,12,136
1644,2017,Jan,1.02,2017-01-01,1,137
1645,2017,Feb,1.13,2017-02-01,2,137
1646,2017,Mar,1.16,2017-03-01,3,137
1647,2017,Apr,0.94,2017-04-01,4,137
1648,2017,May,0.91,2017-05-01,5,137
1649,2017,Jun,0.71,2017-06-01,6,137
1650,2017,Jul,0.81,2017-07-01,7,137
1651,2017,Aug,0.87,2017-08-01,8,137
1652,2017,Sep,0.76,2017-09-01,9,137
1653,2017,Oct,0.9,2017-10-01,10,137
1654,2017,Nov,0.88,2017-11-01,11,137
1655,2017,Dec,0.93,2017-12-01,12,137
1656,2018,Jan,0.82,2018-01-01,1,138
1657,2018,Feb,0.85,2018-02-01,2,138
1658,2018,Mar,0.88,2018-03-01,3,138
1659,2018,Apr,0.88,2018-04-01,4,138
1660,2018,May,0.82,2018-05-01,5,138
1661,2018,Jun,0.77,2018-06-01,6,138
1662,2018,Jul,0.82,2018-07-01,7,138
1663,2018,Aug,0.77,2018-08-01,8,138
1664,2018,Sep,0.8,2018-09-01,9,138
1665,2018,Oct,1.01,2018-10-01,10,138
1666,2018,Nov,0.82,2018-11-01,11,138
1667,2018,Dec,0.91,2018-12-01,12,138
1668,2019,Jan,0.93,2019-01-01,1,139
1669,2019,Feb,0.95,2019-02-01,2,139
1670,2019,Mar,1.17,2019-03-01,3,139
1671,2019,Apr,1.01,2019-04-01,4,139
1672,2019,May,0.85,2019-05-01,5,139
1673,2019,Jun,0.9,2019-06-01,6,139
1674,2019,Jul,0.94,2019-07-01,7,139
1675,2019,Aug,0.95,2019-08-01,8,139
1676,2019,Sep,0.92,2019-09-01,9,139
1677,2019,Oct,1.0,2019-10-01,10,139
1678,2019,Nov,0.99,2019-11-01,11,139
1679,2019,Dec,1.09,2019-12-01,12,139
1680,2020,Jan,1.17,2020-01-01,1,140
1681,2020,Feb,1.24,2020-02-01,2,140
1682,2020,Mar,1.17,2020-03-01,3,140
1683,2020,Apr,1.13,2020-04-01,4,140
1684,2020,May,1.01,2020-05-01,5,140
1685,2020,Jun,0.91,2020-06-01,6,140
1686,2020,Jul,0.89,2020-07-01,7,140
1687,2020,Aug,0.87,2020-08-01,8,140
1688,2020,Sep,0.98,2020-09-01,9,140
1689,2020,Oct,0.88,2020-10-01,10,140
1690,2020,Nov,1.1,2020-11-01,11,140
1691,2020,Dec,0.81,2020-12-01,12,140
1692,2021,Jan,0.81,2021-01-01,1,141
1693,2021,Feb,0.64,2021-02-01,2,141
1694,2021,Mar,0.88,2021-03-01,3,141
1695,2021,Apr,0.75,2021-04-01,4,141
1696,2021,May,0.78,2021-05-01,5,141
1697,2021,Jun,0.84,2021-06-01,6,141
1698,2021,Jul,0.92,2021-07-01,7,141
1699,2021,Aug,0.82,2021-08-01,8,141
1700,2021,Sep,0.92,2021-09-01,9,141
1701,2021,Oct,0.99,2021-10-01,10,141
1702,2021,Nov,0.93,2021-11-01,11,141
1703,2021,Dec,0.85,2021-12-01,12,141
1704,2022,Jan,0.91,2022-01-01,1,142
1705,2022,Feb,0.89,2022-02-01,2,142
1706,2022,Mar,1.05,2022-03-01,3,142
1707,2022,Apr,0.83,2022-04-01,4,142
1708,2022,May,0.84,2022-05-01,5,142
1709,2022,Jun,0.92,2022-06-01,6,142
1710,2022,Jul,0.93,2022-07-01,7,142
1711,2022,Aug,0.95,2022-08-01,8,142
1712,2022,Sep,0.89,2022-09-01,9,142
1713,2022,Oct,0.96,2022-10-01,10,142
1714,2022,Nov,0.72,2022-11-01,11,142
1715,2022,Dec,0.79,2022-12-01,12,142
1716,2023,Jan,0.86,2023-01-01,1,143
1717,2023,Feb,0.97,2023-02-01,2,143
1718,2023,Mar,1.2,2023-03-01,3,143
1719,2023,Apr,1.0,2023-04-01,4,143
1720,2023,May,0.93,2023-05-01,5,143
1721,2023,Jun,1.07,2023-06-01,6,143
1722,2023,Jul,1.18,2023-07-01,7,143
1723,2023,Aug,1.19,2023-08-01,8,143
1724,2023,Sep,1.47,2023-09-01,9,143
1725,2023,Oct,1.34,2023-10-01,10,143
1726,2023,Nov,,2023-11-01,11,143
1727,2023,Dec,,2023-12-01,12,143
